Title,Author,Year,Volume_Number,Volume_Title,Stage_Number,Stage_Name,Reading_Order,Status,Notes,Edition_Notes,
佛教入門,聖嚴法師,1996,1,The Contemplative,1,Foundations,1,To Read,,,
正信的佛教,聖嚴法師,1965,1,The Contemplative,1,Foundations,2,To Read,,,
佛法概論,印順法師,1950,1,The Contemplative,1,Foundations,3,To Read,,,
成佛之道（增注本）,印順法師,1950,1,The Contemplative,1,Foundations,4,To Read,,,
"Wherever You Go, There You Are: Mindfulness Meditation in Everyday Life",Jon Kabat-Zinn,1994,1,The Contemplative,1,Foundations,5,To Read,,,
禪修：自我探索之旅,聖嚴法師,1999,1,The Contemplative,2,Meditation and Transformation,1,To Read,,,
坐禪的功能（增訂版）,聖嚴法師,,1,The Contemplative,2,Meditation and Transformation,2,To Read,,verify edition year,
和好：療癒你的內在小孩,一行禪師,,1,The Contemplative,2,Meditation and Transformation,3,To Read,,,
擁抱禪，重新開始：療癒關係的正念修習四部曲,真空法師,,1,The Contemplative,2,Meditation and Transformation,4,To Read,,,
諦聽與愛語：一行禪師談正念溝通的藝術,一行禪師,,1,The Contemplative,2,Meditation and Transformation,5,To Read,,,
阿贊耀－鬆入式禪法,阿贊耀,,1,The Contemplative,2,Meditation and Transformation,6,To Read,,verify edition year,
以禪心過好生活,聖嚴法師,,1,The Contemplative,2,Meditation and Transformation,7,To Read,,,
樂在工作好禪修,聖嚴法師,,1,The Contemplative,2,Meditation and Transformation,8,To Read,,,
樂活紓壓禪,聖嚴法師,,1,The Contemplative,2,Meditation and Transformation,9,To Read,,,
生活處處皆是禪,聖嚴法師,,1,The Contemplative,2,Meditation and Transformation,10,To Read,,,
禪．住身心──安頓身心十要,聖嚴法師,,1,The Contemplative,2,Meditation and Transformation,11,To Read,,,
禪．悅人生──樂活人生十要,聖嚴法師,,1,The Contemplative,2,Meditation and Transformation,12,To Read,,,
禪．離我執──放下執著十要,聖嚴法師,,1,The Contemplative,2,Meditation and Transformation,13,To Read,,,
般若思想,平川彰、梶山雄一等編,1983,1,The Contemplative,3,"Prajna, Self, and Consciousness",1,To Read,,,
能斷金剛般若波羅蜜多經纂釋講記,羅時憲,,1,The Contemplative,3,"Prajna, Self, and Consciousness",2,To Read,,,
唯識方隅,羅時憲,1983,1,The Contemplative,3,"Prajna, Self, and Consciousness",3,To Read,,later editions exist,
佛學研究初探,高永霄,,1,The Contemplative,3,"Prajna, Self, and Consciousness",4,To Read,,,
Good Question Good Answer,Bhikkhu Dhammika,1987,1,The Contemplative,3,"Prajna, Self, and Consciousness",5,To Read,,,
學佛群疑,聖嚴法師,1996,1,The Contemplative,3,"Prajna, Self, and Consciousness",6,To Read,,初版約1988；1996修訂版,
Selected Writings of Pierre Hadot - Philosophy as Practice,Pierre Hadot,,1,The Contemplative,3,"Prajna, Self, and Consciousness",7,To Read,,,
The Tibetan Book of Living and Dying,Sogyal Rinpoche,1992,1,The Contemplative,4,Tibetan Buddhism and Death,1,To Read,,,
西藏生死書,索甲仁波切 / Sogyal Rinpoche,,1,The Contemplative,4,Tibetan Buddhism and Death,2,To Read,,Chinese edition,
世界上最快樂的人 (Happiness),Matthieu Ricard,2003,1,The Contemplative,4,Tibetan Buddhism and Death,3,To Read,,,
"Altered Traits: Science Reveals How Meditation Changes Your Mind, Brain, and Body",Daniel Goleman & Richard J. Davidson,2017,1,The Contemplative,5,Science and Meditation,1,To Read,,,
Why We Meditate: The Science and Practice of Clarity and Compassion,Yongey Mingyur Rinpoche & Erika Rosenberg,2022,1,The Contemplative,5,Science and Meditation,2,To Read,,,
The Hidden Spring: A Journey to the Source of Consciousness,Mark Solms,2021,1,The Contemplative,5,Science and Meditation,3,To Read,,,
Conscious: A Brief Guide to the Fundamental Mystery of the Mind,Annaka Harris,2019,1,The Contemplative,5,Science and Meditation,4,To Read,,,
Letters on Ethics: To Lucilius,Seneca,65 CE,1,The Contemplative,6,Stoic Practice,1,To Read,,,
Seneca: Hardship and Happiness,Seneca,1st Century CE,1,The Contemplative,6,Stoic Practice,2,To Read,,,
The Daily Stoic,Ryan Holiday & Stephen Hanselman,2016,1,The Contemplative,6,Stoic Practice,3,To Read,,,
Ways of Seeing,John Berger,1972,2,The Observer,1,Learning to See,1,To Read,,,
The Art of Noticing,Rob Walker,2019,2,The Observer,1,Learning to See,2,To Read,,,
Bento's Sketchbook,John Berger,2011,2,The Observer,1,Learning to See,3,To Read,,,
The Gifts of Reading,Robert Macfarlane,2017,2,The Observer,1,Learning to See,4,To Read,,,
Notes on the Synthesis of Form,Christopher Alexander,1964,2,The Observer,2,"Space, Objects, and Form",1,To Read,,,
The Craftsman,Richard Sennett,2008,2,The Observer,2,"Space, Objects, and Form",2,To Read,,,
The Coffee Book,Anette Moldvaer,,2,The Observer,2,"Space, Objects, and Form",3,To Read,,,
How to Do Nothing: Resisting the Attention Economy,Jenny Odell,2019,2,The Observer,3,Attention and Presence,1,To Read,,,
A Field Guide to Getting Lost,Rebecca Solnit,2005,2,The Observer,3,Attention and Presence,2,To Read,,,
Do Pause: You Are Not a To Do List,Robert Poynton,2019,2,The Observer,3,Attention and Presence,3,To Read,,,
"Do Breathe: Calm Your Mind, Find Focus, Get Stuff Done",Michael Townsend Williams,2017,2,The Observer,3,Attention and Presence,4,To Read,,,
Moments of Mindfulness: Daily Inspiration,Thich Nhat Hanh,2013,2,The Observer,3,Attention and Presence,5,To Read,,author varies by edition,
The Creative Act: A Way of Being,Rick Rubin,2023,2,The Observer,4,Creativity as a Way of Seeing,1,To Read,,,
Steal Like an Artist,Austin Kleon,2012,2,The Observer,4,Creativity as a Way of Seeing,2,To Read,,,
Keep Going: 10 Ways to Stay Creative in Good Times and Bad,Austin Kleon,2019,2,The Observer,4,Creativity as a Way of Seeing,3,To Read,,,
Make Your Art No Matter What: Moving Beyond Creative Hurdles,Beth Pickens,2021,2,The Observer,4,Creativity as a Way of Seeing,4,To Read,,,
It's Never Too Late to Begin Again,Julia Cameron,2016,2,The Observer,4,Creativity as a Way of Seeing,5,To Read,,,
Daily Rituals: How Artists Work,Mason Currey,2013,2,The Observer,4,Creativity as a Way of Seeing,6,To Read,,,
"Play: How It Shapes the Brain, Opens the Imagination, and Invigorates the Soul",Stuart Brown & Christopher Vaughan,2009,2,The Observer,4,Creativity as a Way of Seeing,7,To Read,,,
Metaphors We Live By,George Lakoff & Mark Johnson,1980,2,The Observer,5,"Perception, Meaning, and Representation",1,To Read,,,
How to Fall in Love with Questions: A New Way to Think About Everything,Elizabeth Weingarten,2023,2,The Observer,5,"Perception, Meaning, and Representation",2,To Read,,,
The Poetics of Space,Gaston Bachelard,1958,2,The Observer,5,"Perception, Meaning, and Representation",3,To Read,,,
The World of Perception,Maurice Merleau-Ponty,2004,2,The Observer,5,"Perception, Meaning, and Representation",4,To Read,,1948 lectures; English edition 2004,
The Design of Everyday Things: Revised and Expanded Edition,Don Norman,2013,3,The Designer,1,Foundations of Human-Centered Design,1,To Read,,Original edition: 1988,
The Humane Interface: New Directions for Designing Interactive Systems,Jef Raskin,2000,3,The Designer,1,Foundations of Human-Centered Design,2,To Read,,,
100 Things Every Designer Needs to Know About People,Susan Weinschenk,2011,3,The Designer,1,Foundations of Human-Centered Design,3,To Read,,,
100 More Things Every Designer Needs to Know About People,Susan Weinschenk,2020,3,The Designer,1,Foundations of Human-Centered Design,4,To Read,,,
Metaphors We Live By,George Lakoff & Mark Johnson,1980,3,The Designer,1,Foundations of Human-Centered Design,5,To Read,,,
Notes on the Synthesis of Form,Christopher Alexander,1964,3,The Designer,2,Design Philosophy and Form,1,To Read,,,
The Shape of Design,Frank Chimero,2012,3,The Designer,2,Design Philosophy and Form,2,To Read,,,
The Design Method: A Philosophy and Process for Functional Visual Communication,Eric Karjaluoto,2013,3,The Designer,2,Design Philosophy and Form,3,To Read,,,
The Future of Design,Lorraine Justice,2019,3,The Designer,2,Design Philosophy and Form,4,To Read,,,
Why Design Matters: Conversations with the World's Most Creative People,Debbie Millman,2022,3,The Designer,2,Design Philosophy and Form,5,To Read,,,
Build: An Unorthodox Guide to Making Things Worth Making,Tony Fadell,2022,3,The Designer,3,Product Design and Building,1,To Read,,,
Creative Selection: Inside Apple's Design Process During the Golden Age of Steve Jobs,Ken Kocienda,2018,3,The Designer,3,Product Design and Building,2,To Read,,,
Make Something Wonderful: Steve Jobs in His Own Words,Steve Jobs,2023,3,The Designer,3,Product Design and Building,3,To Read,,,
Sprint: How to Solve Big Problems and Test New Ideas in Just Five Days,"Jake Knapp, John Zeratsky & Braden Kowitz",2016,3,The Designer,3,Product Design and Building,4,To Read,,,
When Coffee and Kale Compete: Become Great at Making Products People Will Buy,Alan Klement,2018,3,The Designer,3,Product Design and Building,5,To Read,,,
Product Management for UX People,Roman Pichler,,3,The Designer,3,Product Design and Building,6,To Read,,verify edition/year,
Solving Product Design Exercises: Interview Questions & Answers,Artiom Dashinsky,2021,3,The Designer,3,Product Design and Building,7,To Read,,,
8 Step UX Portfolio Blueprint,Sarah Doody,,3,The Designer,3,Product Design and Building,8,To Read,,verify year,
UX Portfolio Workshop Action Sheets,Sarah Doody,,3,The Designer,3,Product Design and Building,9,To Read,,verify year,
How to Make Sense of Any Mess: Information Architecture for Everybody,Abby Covert,2014,3,The Designer,3,Product Design and Building,10,To Read,,,
Press On: Principles of Interaction Programming,Harold Thimbleby,2007,3,The Designer,3,Product Design and Building,11,To Read,,,
"Ruined by Design: How Designers Destroyed the World, and What We Can Do to Fix It",Mike Monteiro,2019,3,The Designer,4,Design Ethics and Responsibility,1,To Read,,,
Mismatch: How Inclusion Shapes Design,Kat Holmes,2018,3,The Designer,4,Design Ethics and Responsibility,2,To Read,,,
The Best Interface Is No Interface: The Simple Path to Brilliant Technology,Golden Krishna,2015,3,The Designer,4,Design Ethics and Responsibility,3,To Read,,,
"User Friendly: How the Hidden Rules of Design Are Changing the Way We Live, Work, and Play",Cliff Kuang & Farhad Manjoo,2019,3,The Designer,4,Design Ethics and Responsibility,4,To Read,,,
"Designing Your Life: How to Build a Well-Lived, Joyful Life",Bill Burnett & Dave Evans,2016,3,The Designer,5,"Design, Work, and Career",1,To Read,,,
Designing Your New Work Life,Bill Burnett & Dave Evans,2020,3,The Designer,5,"Design, Work, and Career",2,To Read,,,
The First 90 Days: Proven Strategies for Getting Up to Speed Faster and Smarter,Michael D. Watkins,2003,3,The Designer,5,"Design, Work, and Career",3,To Read,,,
The Making of a Manager: What to Do When Everyone Looks to You,Julie Zhuo,2019,3,The Designer,5,"Design, Work, and Career",4,To Read,,,
The Art of Doing Science and Engineering: Learning to Learn,Richard Hamming,2020,3,The Designer,5,"Design, Work, and Career",5,To Read,,Originally 1980s lectures,
Learning by Heart: Teachings to Free the Creative Spirit,Corita Kent,2008,3,The Designer,5,"Design, Work, and Career",6,To Read,,,
The Almanack of Naval Ravikant,Eric Jorgenson,2020,3,The Designer,5,"Design, Work, and Career",7,To Read,,,
Culture and Materialism,Raymond Williams,1980,3,The Designer,6,Broader Creative and Cultural Context,1,To Read,,,
You Are Not a Gadget: A Manifesto,Jaron Lanier,2010,3,The Designer,6,Broader Creative and Cultural Context,2,To Read,,,
Make Time: How to Focus on What Matters Every Day,Jake Knapp & John Zeratsky,2018,3,The Designer,6,Broader Creative and Cultural Context,3,To Read,,,
The Paradox of Choice: Why More Is Less,Barry Schwartz,2004,3,The Designer,6,Broader Creative and Cultural Context,4,To Read,,,
Think Again: The Power of Knowing What You Don’t Know,Adam Grant,2021,3,The Designer,6,Broader Creative and Cultural Context,5,To Read,,,
This Is Marketing: You Can't Be Seen Until You Learn to See,Seth Godin,2018,3,The Designer,6,Broader Creative and Cultural Context,6,To Read,,,
How to Do Nothing: Resisting the Attention Economy,Jenny Odell,2019,4,The Critic of Modernity,1,"Attention, Technology, and the Loss of Agency",1,To Read,,,
Stand Out of Our Light: Freedom and Resistance in the Attention Economy,James Williams,2018,4,The Critic of Modernity,1,"Attention, Technology, and the Loss of Agency",2,To Read,,,
Stolen Focus: Why You Can’t Pay Attention—and How to Think Deeply Again,Johann Hari,2022,4,The Critic of Modernity,1,"Attention, Technology, and the Loss of Agency",3,To Read,,,
Ten Arguments for Deleting Your Social Media Accounts Right Now,Jaron Lanier,2018,4,The Critic of Modernity,1,"Attention, Technology, and the Loss of Agency",4,To Read,,,
The Anxious Generation: How the Great Rewiring of Childhood Is Causing an Epidemic of Mental Illness,Jonathan Haidt,2024,4,The Critic of Modernity,1,"Attention, Technology, and the Loss of Agency",5,To Read,,,
Dopamine Nation: Finding Balance in the Age of Indulgence,Anna Lembke,2021,4,The Critic of Modernity,1,"Attention, Technology, and the Loss of Agency",6,To Read,,,
"The Four: The Hidden DNA of Amazon, Apple, Facebook, and Google",Scott Galloway,2017,4,The Critic of Modernity,2,Digital Platforms and Technology Critique,1,To Read,,,
You Are Not a Gadget: A Manifesto,Jaron Lanier,2010,4,The Critic of Modernity,2,Digital Platforms and Technology Critique,2,To Read,,,
Enshittification: Why Everything Suddenly Got Worse and What to Do About It,Cory Doctorow,2024,4,The Critic of Modernity,2,Digital Platforms and Technology Critique,3,To Read,,,
"The Scaling Era: An Oral History of AI, 2019–2025",Dwarkesh Patel,2025,4,The Critic of Modernity,2,Digital Platforms and Technology Critique,4,To Read,,author/editor verification needed,
Bad Blood: Secrets and Lies in a Silicon Valley Startup,John Carreyrou,2018,4,The Critic of Modernity,2,Digital Platforms and Technology Critique,5,To Read,,,
Careless People: A Story of Where I Used to Work,Sarah Wynn-Williams,2025,4,The Critic of Modernity,2,Digital Platforms and Technology Critique,6,To Read,,,
Bullshit Jobs: A Theory,David Graeber,2018,4,The Critic of Modernity,3,"Work, Labor, and Meaning",1,To Read,,,
Can't Even: How Millennials Became the Burnout Generation,Anne Helen Petersen,2020,4,The Critic of Modernity,3,"Work, Labor, and Meaning",2,To Read,,,
Overtime: Why We Need a Shorter Working Week,Will Stronge & Kyle Lewis,2021,4,The Critic of Modernity,3,"Work, Labor, and Meaning",3,To Read,,,
Exit Interview: A Memoir,Kristi Coulter,2024,4,The Critic of Modernity,3,"Work, Labor, and Meaning",4,To Read,,,
Four Thousand Weeks: Time Management for Mortals,Oliver Burkeman,2021,4,The Critic of Modernity,3,"Work, Labor, and Meaning",5,To Read,,,
The Tyranny of Merit: What’s Become of the Common Good?,Michael J. Sandel,2020,4,The Critic of Modernity,3,"Work, Labor, and Meaning",6,To Read,,,
The Score: How to Stop Playing Somebody Else’s Game,C. Thi Nguyen,2026,4,The Critic of Modernity,3,"Work, Labor, and Meaning",7,To Read,,,
One-Dimensional Man: Studies in the Ideology of Advanced Industrial Society,Herbert Marcuse,1964,4,The Critic of Modernity,4,"Society, Ideology, and Modern Life",1,To Read,,,
The Society of the Spectacle,Guy Debord,1967,4,The Critic of Modernity,4,"Society, Ideology, and Modern Life",2,To Read,,,
Capitalist Realism: Is There No Alternative?,Mark Fisher,2009,4,The Critic of Modernity,4,"Society, Ideology, and Modern Life",3,To Read,,,
Status Anxiety,Alain de Botton,2004,4,The Critic of Modernity,4,"Society, Ideology, and Modern Life",4,To Read,,,
The End of Average: How to Succeed in a World That Values Sameness,Todd Rose,2016,4,The Critic of Modernity,4,"Society, Ideology, and Modern Life",5,To Read,,,
Everything Is F*cked: A Book About Hope,Mark Manson,2019,4,The Critic of Modernity,4,"Society, Ideology, and Modern Life",6,To Read,,,
On Tyranny: Twenty Lessons from the Twentieth Century,Timothy Snyder,2017,4,The Critic of Modernity,4,"Society, Ideology, and Modern Life",7,To Read,,,
Hillbilly Elegy: A Memoir of a Family and Culture in Crisis,J. D. Vance,2016,4,The Critic of Modernity,4,"Society, Ideology, and Modern Life",8,To Read,,,
The Fountainhead,Ayn Rand,1943,4,The Critic of Modernity,4,"Society, Ideology, and Modern Life",9,To Read,,,
Sapiens: A Brief History of Humankind,Yuval Noah Harari,2011,4,The Critic of Modernity,4,"Society, Ideology, and Modern Life",10,To Read,,,
Culture and Materialism,Raymond Williams,1980,4,The Critic of Modernity,5,"Culture, Meaning and Judgment",1,To Read,,,
On Bullshit,Harry Frankfurt,2005,4,The Critic of Modernity,5,"Culture, Meaning and Judgment",2,To Read,,,
Useful Not True,Derek Sivers,2025,4,The Critic of Modernity,5,"Culture, Meaning and Judgment",3,To Read,,,
"Thinking, Fast and Slow",Daniel Kahneman,2011,4,The Critic of Modernity,5,"Culture, Meaning and Judgment",4,To Read,,,
Noise: A Flaw in Human Judgment,"Daniel Kahneman, Olivier Sibony & Cass R. Sunstein",2021,4,The Critic of Modernity,5,"Culture, Meaning and Judgment",5,To Read,,,
The Amateur: The Pleasures of Doing Things Badly,Andy Merrifield,2011,4,The Critic of Modernity,5,"Culture, Meaning and Judgment",6,To Read,,,
Conscious: A Brief Guide to the Fundamental Mystery of the Mind,Annaka Harris,2019,5,Psychology & Mind,1,Consciousness and the Nature of Mind,1,To Read,,,
The Hidden Spring: A Journey to the Source of Consciousness,Mark Solms,2021,5,Psychology & Mind,1,Consciousness and the Nature of Mind,2,To Read,,,
"The Secret Life of the Mind: How Your Brain Thinks, Feels, and Decides",Mariano Sigman,2015,5,Psychology & Mind,1,Consciousness and the Nature of Mind,3,To Read,,,
Behave: The Biology of Humans at Our Best and Worst,Robert Sapolsky,2017,5,Psychology & Mind,2,Human Nature and Biology,1,To Read,,,
The Body: A Guide for Occupants,Bill Bryson,2019,5,Psychology & Mind,2,Human Nature and Biology,2,To Read,,,
The Body Keeps the Score: Brain Mind and Body in the Healing of Trauma,Bessel van der Kolk,2014,5,Psychology & Mind,2,Human Nature and Biology,3,To Read,,,
"Thinking, Fast and Slow",Daniel Kahneman,2011,5,Psychology & Mind,3,Decision Making and Cognitive Bias,1,To Read,,,
Noise: A Flaw in Human Judgment,"Daniel Kahneman, Olivier Sibony & Cass R. Sunstein",2021,5,Psychology & Mind,3,Decision Making and Cognitive Bias,2,To Read,,,
Dopamine Nation: Finding Balance in the Age of Indulgence,Anna Lembke,2021,5,Psychology & Mind,4,"Desire, Reward, Addiction, and Modern Behavior",1,To Read,,,
The Molecule of More,Daniel Z. Lieberman & Michael E. Long,2018,5,Psychology & Mind,4,"Desire, Reward, Addiction, and Modern Behavior",2,To Read,,,
The Anxious Generation: How the Great Rewiring of Childhood Is Causing an Epidemic of Mental Illness,Jonathan Haidt,2024,5,Psychology & Mind,4,"Desire, Reward, Addiction, and Modern Behavior",3,To Read,,,
"Altered Traits: Science Reveals How Meditation Changes Your Mind, Brain, and Body",Daniel Goleman & Richard J. Davidson,2017,5,Psychology & Mind,5,"Meditation, Neuroplasticity, and Self-Transformation",1,To Read,,,
Why We Meditate: The Science and Practice of Clarity and Compassion,Yongey Mingyur Rinpoche & Erika Rosenberg,2022,5,Psychology & Mind,5,"Meditation, Neuroplasticity, and Self-Transformation",2,To Read,,,
"Rewire: Break the Cycle, Alter Your Thoughts and Create Lasting Change",Nicole Vignola,2024,5,Psychology & Mind,5,"Meditation, Neuroplasticity, and Self-Transformation",3,To Read,,,
Reinventing Your Life: The Breakthrough Program to End Negative Behavior and Feel Great Again,Jeffrey E. Young & Janet S. Klosko,1993,5,Psychology & Mind,5,"Meditation, Neuroplasticity, and Self-Transformation",4,To Read,,,
Quiet: The Power of Introverts in a World That Can't Stop Talking,Susan Cain,2012,5,Psychology & Mind,6,"Personality, Identity, and Individual Differences",1,To Read,,,
The End of Average: How to Succeed in a World That Values Sameness,Todd Rose,2016,5,Psychology & Mind,6,"Personality, Identity, and Individual Differences",2,To Read,,,
Atomic Habits: An Easy & Proven Way to Build Good Habits & Break Bad Ones,James Clear,2018,5,Psychology & Mind,6,"Personality, Identity, and Individual Differences",3,To Read,,,
Me But Better: The Science and Promise of Personality Change,Olga Khazan,2025,5,Psychology & Mind,6,"Personality, Identity, and Individual Differences",4,To Read,,2025/2026 edition depending on region,
The Subtle Art of Not Giving a F*ck,Mark Manson,2016,5,Psychology & Mind,6,"Personality, Identity, and Individual Differences",5,To Read,,,
Talk: The Science of Conversation and the Art of Being Ourselves,Alison Wood Brooks,2023,5,Psychology & Mind,7,Relationships and Social Psychology,1,To Read,,,
Talking to Strangers: What We Should Know about the People We Don’t Know,Malcolm Gladwell,2019,5,Psychology & Mind,7,Relationships and Social Psychology,2,To Read,,,
Nonviolent Communication: A Language of Life,Marshall B. Rosenberg,1999,5,Psychology & Mind,7,Relationships and Social Psychology,3,To Read,,,
The Art of Listening,Erich Fromm,1994,5,Psychology & Mind,7,Relationships and Social Psychology,4,To Read,,1994 English publication; 2024 reissue,
Why We Sleep: Unlocking the Power of Sleep and Dreams,Matthew Walker,2017,5,Psychology & Mind,8,Sleep and Physical Restoration,1,To Read,,,
Convenience Store Woman,Sayaka Murata,2016,6,Literature & Poetry,1,"Ordinary Life, Quiet Loneliness, and Human Observation",1,To Read,,,
Strange Weather in Tokyo,Hiromi Kawakami,2001,6,Literature & Poetry,1,"Ordinary Life, Quiet Loneliness, and Human Observation",2,To Read,,,
What We Talk About When We Talk About Love,Raymond Carver,1981,6,Literature & Poetry,1,"Ordinary Life, Quiet Loneliness, and Human Observation",3,To Read,,,
A Visit from the Goon Squad,Jennifer Egan,2010,6,Literature & Poetry,1,"Ordinary Life, Quiet Loneliness, and Human Observation",4,To Read,,,
The Wedding People,Alison Espach,2024,6,Literature & Poetry,1,"Ordinary Life, Quiet Loneliness, and Human Observation",5,To Read,,,
Hello Beautiful,Ann Napolitano,2023,6,Literature & Poetry,1,"Ordinary Life, Quiet Loneliness, and Human Observation",6,To Read,,,
Lessons in Chemistry,Bonnie Garmus,2022,6,Literature & Poetry,1,"Ordinary Life, Quiet Loneliness, and Human Observation",7,To Read,,,
Beautyland,Marie-Helene Bertino,2024,6,Literature & Poetry,1,"Ordinary Life, Quiet Loneliness, and Human Observation",8,To Read,,,
Rejection,Tony Tulathimutte,2024,6,Literature & Poetry,1,"Ordinary Life, Quiet Loneliness, and Human Observation",9,To Read,,,
A Philosophy of Loneliness,Ole Jacob Madsen,2021,6,Literature & Poetry,1,"Ordinary Life, Quiet Loneliness, and Human Observation",10,To Read,,,
The Memory Police,Yōko Ogawa,1994,6,Literature & Poetry,2,"Memory, Loss, and Identity",1,To Read,,,
Klara and the Sun,Kazuo Ishiguro,2021,6,Literature & Poetry,2,"Memory, Loss, and Identity",2,To Read,,,
I Love You but I’ve Chosen Darkness,Claire Vaye Watkins,2021,6,Literature & Poetry,2,"Memory, Loss, and Identity",3,To Read,,,
Briefly A Delicious Life,Nell Stevens,2022,6,Literature & Poetry,2,"Memory, Loss, and Identity",4,To Read,,,
Flashlight,Susan Choi,2025,6,Literature & Poetry,2,"Memory, Loss, and Identity",5,To Read,,,
Your Steps on the Stairs,Antonio Muñoz Molina,2019,6,Literature & Poetry,2,"Memory, Loss, and Identity",6,To Read,,2019 Spanish original / 2025 English edition,
The Float Test,Lynn Steger Strong,2024,6,Literature & Poetry,2,"Memory, Loss, and Identity",7,To Read,,,
Body Work: The Radical Power of Personal Narrative,Melissa Febos,2022,6,Literature & Poetry,2,"Memory, Loss, and Identity",8,To Read,,,
The End of Love: A Sociology of Negative Relations,Eva Illouz,2019,6,Literature & Poetry,2,"Memory, Loss, and Identity",9,To Read,,,
半蝕,韓麗珠,,6,Literature & Poetry,2,"Memory, Loss, and Identity",10,To Read,,,
江南三部曲（一）：人面桃花,格非,2004,6,Literature & Poetry,2,"Memory, Loss, and Identity",11,To Read,,,
The Stranger,Albert Camus,1942,6,Literature & Poetry,3,Existential Literature,1,To Read,,,
The Trial,Franz Kafka,1925,6,Literature & Poetry,3,Existential Literature,2,To Read,,,
The Myth of Sisyphus and Other Essays,Albert Camus,1942,6,Literature & Poetry,3,Existential Literature,3,To Read,,,
The Catcher in the Rye,J. D. Salinger,1951,6,Literature & Poetry,3,Existential Literature,4,To Read,,,
Siddhartha,Hermann Hesse,1922,6,Literature & Poetry,3,Existential Literature,5,To Read,,,
Feline Philosophy: Cats and the Meaning of Life,John Gray,2020,6,Literature & Poetry,3,Existential Literature,6,To Read,,,
Clutch,Emily Nemens,2026,6,Literature & Poetry,3,Existential Literature,7,To Read,,,
Sum: Forty Tales from the Afterlives,David Eagleman,2009,6,Literature & Poetry,3,Existential Literature,8,To Read,,,
黑日,韓麗珠,,6,Literature & Poetry,3,Existential Literature,9,To Read,,,
All About Love: New Visions,bell hooks,2000,6,Literature & Poetry,4,"Love, Connection, and Human Relationships",1,To Read,,,
The Art of Loving,Erich Fromm,1956,6,Literature & Poetry,4,"Love, Connection, and Human Relationships",2,To Read,,,
Love Is Never Enough: How Couples Can Overcome Misunderstandings,Aaron T. Beck,1988,6,Literature & Poetry,4,"Love, Connection, and Human Relationships",3,To Read,,,
Twenty Love Poems and a Song of Despair,Pablo Neruda,1924,6,Literature & Poetry,4,"Love, Connection, and Human Relationships",4,To Read,,,
Milk and Honey,Rupi Kaur,2014,6,Literature & Poetry,4,"Love, Connection, and Human Relationships",5,To Read,,,
Intermezzo,Sally Rooney,2024,6,Literature & Poetry,4,"Love, Connection, and Human Relationships",6,To Read,,,
Big Swiss,Jen Beagin,2023,6,Literature & Poetry,4,"Love, Connection, and Human Relationships",7,To Read,,,
Martyr!,Kaveh Akbar,2024,6,Literature & Poetry,4,"Love, Connection, and Human Relationships",8,To Read,,,
Open Wide: A Novel,Jessica Gross,2025,6,Literature & Poetry,4,"Love, Connection, and Human Relationships",9,To Read,,,
Kitchen Table Wisdom: Stories That Heal,Rachel Naomi Remen,1996,6,Literature & Poetry,4,"Love, Connection, and Human Relationships",10,To Read,,,
Maybe You Should Talk to Someone,Lori Gottlieb,2019,6,Literature & Poetry,4,"Love, Connection, and Human Relationships",11,To Read,,,
Stories of Your Life and Others,Ted Chiang,2002,6,Literature & Poetry,5,"Science Fiction, Time, and Alternative Human Possibilities",1,To Read,,,
This Is How You Lose the Time War,Amal El-Mohtar & Max Gladstone,2019,6,Literature & Poetry,5,"Science Fiction, Time, and Alternative Human Possibilities",2,To Read,,,
Dune,Frank Herbert,1965,6,Literature & Poetry,5,"Science Fiction, Time, and Alternative Human Possibilities",3,To Read,,,
Neuromancer,William Gibson,1984,6,Literature & Poetry,5,"Science Fiction, Time, and Alternative Human Possibilities",4,To Read,,,
Necromancer,Gordon R. Dickson,1962,6,Literature & Poetry,5,"Science Fiction, Time, and Alternative Human Possibilities",5,To Read,,,
Project Hail Mary,Andy Weir,2021,6,Literature & Poetry,5,"Science Fiction, Time, and Alternative Human Possibilities",6,To Read,,,
Arrival (Stories of Your Life and Others),Ted Chiang,2002,6,Literature & Poetry,5,"Science Fiction, Time, and Alternative Human Possibilities",7,To Read,,,
Angel Down,Daniel Kraus,2025,6,Literature & Poetry,6,Poetry and Literary Fragments,1,To Read,,,
Newspaper Blackout,Austin Kleon,2010,6,Literature & Poetry,6,Poetry and Literary Fragments,2,To Read,,,
The Universe in Verse: 15 Portals to Wonder through Science & Poetry,Maria Popova,2022,6,Literature & Poetry,6,Poetry and Literary Fragments,3,To Read,,,
Bad Handwriting,Sara Mesa,2016,6,Literature & Poetry,6,Poetry and Literary Fragments,4,To Read,,2016 Spanish original / 2022 English translation,
Songs of No Provenance,Lydi Conklin,2025,6,Literature & Poetry,6,Poetry and Literary Fragments,5,To Read,,,
拾香紀・焚香紀,陳慧,,6,Literature & Poetry,6,Poetry and Literary Fragments,6,To Read,,,
"Dilla Time: The Life and Afterlife of J Dilla, the Hip-Hop Producer Who Reinvented Rhythm",Dan Charnas,2022,6,Literature & Poetry,7,Creative Lives and Artists,1,To Read,,,
The Artist's Way,Julia Cameron,1992,6,Literature & Poetry,7,Creative Lives and Artists,2,To Read,,,
The Creative Act: A Way of Being,Rick Rubin,2023,6,Literature & Poetry,7,Creative Lives and Artists,3,To Read,,,
How Music Works,David Byrne,2012,6,Literature & Poetry,7,Creative Lives and Artists,4,To Read,,,
The Music Lesson,Victor Wooten,2006,6,Literature & Poetry,7,Creative Lives and Artists,5,To Read,,,
The War of Art: Winning the Inner Creative Battle,Steven Pressfield,2002,6,Literature & Poetry,7,Creative Lives and Artists,6,To Read,,,
關於跑步，我說的其實是,Haruki Murakami,2007,6,Literature & Poetry,7,Creative Lives and Artists,7,To Read,,What I Talk About When I Talk About Running,
Ikigai: The Japanese Secret to a Long and Happy Life,Héctor García & Francesc Miralles,2016,6,Literature & Poetry,7,Creative Lives and Artists,8,To Read,,,
Seven Brief Lessons on Physics,Carlo Rovelli,2014,7,The World,1,Physical Reality,1,To Read,,,
The Order of Time,Carlo Rovelli,2018,7,The World,1,Physical Reality,2,To Read,,,
The Presentation of Self in Everyday Life,Erving Goffman,1956,7,The World,2,Social Reality,1,To Read,,,
Seeing Like a State,James C. Scott,1998,7,The World,3,Civilization & Systems,1,To Read,,,
The Dawn of Everything,David Graeber & David Wengrow,2021,7,The World,3,Civilization & Systems,2,To Read,,,
How Infrastructure Works: Inside the Systems That Shape Our World,Deb Chachra,2023,7,The World,3,Civilization & Systems,3,To Read,,,
Liquid Modernity,Zygmunt Bauman,2000,7,The World,4,Modernity,1,To Read,,,
The Age of Surveillance Capitalism,Shoshana Zuboff,2019,7,The World,4,Modernity,2,To Read,,,