Title,Author,Year,Volume_Number,Volume_Title,Stage_Number,Stage_Name,Reading_Order,Status,Notes,Edition_Notes,ISBN,cover_url
佛教入門,聖嚴法師,1996,1,The Contemplative,1,Foundations,1,To Read,,,9789575987114,http://books.google.com/books/content?id=BbuHEAAAQBAJ&printsec=frontcover&img=1&zoom=1&fife=w800&fife=w800&edge=curl&source=gbs_api
正信的佛教,聖嚴法師,1965,1,The Contemplative,1,Foundations,2,To Read,,,,
佛法概論,印順法師,1950,1,The Contemplative,1,Foundations,3,To Read,,,9787101074796,
成佛之道（增注本）,印順法師,1950,1,The Contemplative,1,Foundations,4,To Read,,,9786269652891,http://books.google.com/books/content?id=bRBVEQAAQBAJ&printsec=frontcover&img=1&zoom=1&fife=w800&fife=w800&edge=curl&source=gbs_api
"Wherever You Go, There You Are: Mindfulness Meditation in Everyday Life",Jon Kabat-Zinn,1994,1,The Contemplative,1,Foundations,5,To Read,,,9781786880703,
禪修：自我探索之旅,聖嚴法師,1999,1,The Contemplative,2,Meditation and Transformation,1,To Read,,,9789865860974,http://books.google.com/books/content?id=Wv7AEAAAQBAJ&printsec=frontcover&img=1&zoom=1&fife=w800&edge=curl&source=gbs_api
坐禪的功能（增訂版）,聖嚴法師,,1,The Contemplative,2,Meditation and Transformation,2,To Read,,verify edition year,9789867033857,http://books.google.com/books/content?id=fNT7AwAAQBAJ&printsec=frontcover&img=1&zoom=1&fife=w800&edge=curl&source=gbs_api
和好：療癒你的內在小孩,一行禪師,,1,The Contemplative,2,Meditation and Transformation,3,To Read,,,9786269648337,http://books.google.com/books/content?id=O6nEEAAAQBAJ&printsec=frontcover&img=1&zoom=1&fife=w800&edge=curl&source=gbs_api
擁抱禪，重新開始：療癒關係的正念修習四部曲,真空法師,,1,The Contemplative,2,Meditation and Transformation,4,To Read,,,9786267769607,http://books.google.com/books/content?id=bVvkEQAAQBAJ&printsec=frontcover&img=1&zoom=1&fife=w800&edge=curl&source=gbs_api
諦聽與愛語：一行禪師談正念溝通的藝術,一行禪師,,1,The Contemplative,2,Meditation and Transformation,5,To Read,,,9789862725429,http://books.google.com/books/content?id=3zVjEAAAQBAJ&printsec=frontcover&img=1&zoom=1&fife=w800&edge=curl&source=gbs_api
阿贊耀－鬆入式禪法,阿贊耀,,1,The Contemplative,2,Meditation and Transformation,6,To Read,,verify edition year,9789570510270,http://books.google.com/books/content?id=G3rUlv03rhkC&printsec=frontcover&img=1&zoom=1&fife=w800&edge=curl&source=gbs_api
以禪心過好生活,聖嚴法師,,1,The Contemplative,2,Meditation and Transformation,7,To Read,,,9789866443572,http://books.google.com/books/content?id=xtT7AwAAQBAJ&printsec=frontcover&img=1&zoom=1&fife=w800&edge=curl&source=gbs_api
樂在工作好禪修,聖嚴法師,,1,The Contemplative,2,Meditation and Transformation,8,To Read,,,9786267804346,http://books.google.com/books/content?id=kuPgEQAAQBAJ&printsec=frontcover&img=1&zoom=1&fife=w800&edge=curl&source=gbs_api
樂活紓壓禪,聖嚴法師,,1,The Contemplative,2,Meditation and Transformation,9,To Read,,,,
生活處處皆是禪,聖嚴法師,,1,The Contemplative,2,Meditation and Transformation,10,To Read,,,,
禪．住身心──安頓身心十要,聖嚴法師,,1,The Contemplative,2,Meditation and Transformation,11,To Read,,,9786267345733,http://books.google.com/books/content?id=d-VcEQAAQBAJ&printsec=frontcover&img=1&zoom=1&fife=w800&edge=curl&source=gbs_api
禪．悅人生──樂活人生十要,聖嚴法師,,1,The Contemplative,2,Meditation and Transformation,12,To Read,,,9789866443954,
禪．離我執──放下執著十要,聖嚴法師,,1,The Contemplative,2,Meditation and Transformation,13,To Read,,,9789860842340,http://books.google.com/books/content?id=ezY_EQAAQBAJ&printsec=frontcover&img=1&zoom=1&fife=w800&edge=curl&source=gbs_api
般若思想,平川彰、梶山雄一等編,1983,1,The Contemplative,3,"Prajna, Self, and Consciousness",1,To Read,,,,
能斷金剛般若波羅蜜多經纂釋講記,羅時憲,,1,The Contemplative,3,"Prajna, Self, and Consciousness",2,To Read,,,,
唯識方隅,羅時憲,1983,1,The Contemplative,3,"Prajna, Self, and Consciousness",3,To Read,,later editions exist,,
佛學研究初探,高永霄,,1,The Contemplative,3,"Prajna, Self, and Consciousness",4,To Read,,,9786267511886,http://books.google.com/books/content?id=VgtfEQAAQBAJ&printsec=frontcover&img=1&zoom=1&fife=w800&edge=curl&source=gbs_api
Good Question Good Answer,Bhikkhu Dhammika,1987,1,The Contemplative,3,"Prajna, Self, and Consciousness",5,To Read,,,9781614294542,http://books.google.com/books/content?id=ftnADQAAQBAJ&printsec=frontcover&img=1&zoom=1&fife=w800&edge=curl&source=gbs_api
學佛群疑,聖嚴法師,1996,1,The Contemplative,3,"Prajna, Self, and Consciousness",6,To Read,,初版約1988；1996修訂版,9789575986964,http://books.google.com/books/content?id=w5d-EAAAQBAJ&printsec=frontcover&img=1&zoom=1&fife=w800&edge=curl&source=gbs_api
Selected Writings of Pierre Hadot - Philosophy as Practice,Pierre Hadot,,1,The Contemplative,3,"Prajna, Self, and Consciousness",7,To Read,,,9781474273015,http://books.google.com/books/content?id=z-7gDwAAQBAJ&printsec=frontcover&img=1&zoom=1&fife=w800&edge=curl&source=gbs_api
The Tibetan Book of Living and Dying,Sogyal Rinpoche,1992,1,The Contemplative,4,Tibetan Buddhism and Death,1,To Read,,,9780061800344,http://books.google.com/books/content?id=yzgrS5Q5IpsC&printsec=frontcover&img=1&zoom=1&fife=w800&edge=curl&source=gbs_api
西藏生死書,索甲仁波切 / Sogyal Rinpoche,,1,The Contemplative,4,Tibetan Buddhism and Death,2,To Read,,Chinese edition,9787500424956,
世界上最快樂的人 (Happiness),Matthieu Ricard,2003,1,The Contemplative,4,Tibetan Buddhism and Death,3,To Read,,,9789864596461,http://books.google.com/books/content?id=XttOEQAAQBAJ&printsec=frontcover&img=1&zoom=1&fife=w800&edge=curl&source=gbs_api
"Altered Traits: Science Reveals How Meditation Changes Your Mind, Brain, and Body",Daniel Goleman & Richard J. Davidson,2017,1,The Contemplative,5,Science and Meditation,1,To Read,,,9780399184406,http://books.google.com/books/content?id=e8IPDgAAQBAJ&printsec=frontcover&img=1&zoom=1&fife=w800&edge=curl&source=gbs_api
Why We Meditate: The Science and Practice of Clarity and Compassion,Yongey Mingyur Rinpoche & Erika Rosenberg,2022,1,The Contemplative,5,Science and Meditation,2,To Read,,,9781982178468,http://books.google.com/books/content?id=73kyEQAAQBAJ&printsec=frontcover&img=1&zoom=1&fife=w800&edge=curl&source=gbs_api
The Hidden Spring: A Journey to the Source of Consciousness,Mark Solms,2021,1,The Contemplative,5,Science and Meditation,3,To Read,,,9781782835714,http://books.google.com/books/content?id=v4T2DwAAQBAJ&printsec=frontcover&img=1&zoom=1&fife=w800&edge=curl&source=gbs_api
Conscious: A Brief Guide to the Fundamental Mystery of the Mind,Annaka Harris,2019,1,The Contemplative,5,Science and Meditation,4,To Read,,,9780062906731,http://books.google.com/books/content?id=n6JrDwAAQBAJ&printsec=frontcover&img=1&zoom=1&fife=w800&edge=curl&source=gbs_api
Letters on Ethics: To Lucilius,Seneca,65 CE,1,The Contemplative,6,Stoic Practice,1,To Read,,,9780226265179,http://books.google.com/books/content?id=AJMpCwAAQBAJ&printsec=frontcover&img=1&zoom=1&fife=w800&edge=curl&source=gbs_api
Seneca: Hardship and Happiness,Seneca,1st Century CE,1,The Contemplative,6,Stoic Practice,2,To Read,,,9780226108353,http://books.google.com/books/content?id=bgjGAgAAQBAJ&printsec=frontcover&img=1&zoom=1&fife=w800&edge=curl&source=gbs_api
The Daily Stoic,Ryan Holiday & Stephen Hanselman,2016,1,The Contemplative,6,Stoic Practice,3,To Read,,,9780735211742,http://books.google.com/books/content?id=TR2MDAAAQBAJ&printsec=frontcover&img=1&zoom=1&fife=w800&edge=curl&source=gbs_api
Ways of Seeing,John Berger,1972,2,The Observer,1,Learning to See,1,To Read,,,9780140135152,http://books.google.com/books/content?id=VuSPEAAAQBAJ&printsec=frontcover&img=1&zoom=1&fife=w800&source=gbs_api
The Art of Noticing,Rob Walker,2019,2,The Observer,1,Learning to See,2,To Read,,,9781473568075,http://books.google.com/books/content?id=poaJDwAAQBAJ&printsec=frontcover&img=1&zoom=1&fife=w800&edge=curl&source=gbs_api
Bento's Sketchbook,John Berger,2011,2,The Observer,1,Learning to See,3,To Read,,,9780307906922,http://books.google.com/books/content?id=Y2NBcaTZH6MC&printsec=frontcover&img=1&zoom=1&fife=w800&edge=curl&source=gbs_api
The Gifts of Reading,Robert Macfarlane,2017,2,The Observer,1,Learning to See,4,To Read,,,9781474615693,http://books.google.com/books/content?id=tibCDwAAQBAJ&printsec=frontcover&img=1&zoom=1&fife=w800&edge=curl&source=gbs_api
Notes on the Synthesis of Form,Christopher Alexander,1964,2,The Observer,2,"Space, Objects, and Form",1,To Read,,,9780674251915,http://books.google.com/books/content?id=5gcPEAAAQBAJ&printsec=frontcover&img=1&zoom=1&fife=w800&edge=curl&source=gbs_api
The Craftsman,Richard Sennett,2008,2,The Observer,2,"Space, Objects, and Form",2,To Read,,,9780300151190,http://books.google.com/books/content?id=LmtQAQAACAAJ&printsec=frontcover&img=1&zoom=1&fife=w800&source=gbs_api
The Coffee Book,Anette Moldvaer,,2,The Observer,2,"Space, Objects, and Form",3,To Read,,,9780744051018,http://books.google.com/books/content?id=B8oiEAAAQBAJ&printsec=frontcover&img=1&zoom=1&fife=w800&edge=curl&source=gbs_api
How to Do Nothing: Resisting the Attention Economy,Jenny Odell,2019,2,The Observer,3,Attention and Presence,1,To Read,,,9781612197500,http://books.google.com/books/content?id=OMBkDwAAQBAJ&printsec=frontcover&img=1&zoom=1&fife=w800&edge=curl&source=gbs_api
A Field Guide to Getting Lost,Rebecca Solnit,2005,2,The Observer,3,Attention and Presence,2,To Read,,,9781101118719,http://books.google.com/books/content?id=mgK5EdIQDL4C&printsec=frontcover&img=1&zoom=1&fife=w800&edge=curl&source=gbs_api
Do Pause: You Are Not a To Do List,Robert Poynton,2019,2,The Observer,3,Attention and Presence,3,To Read,,,9781907974632,http://books.google.com/books/content?id=mReMuwEACAAJ&printsec=frontcover&img=1&zoom=1&fife=w800&source=gbs_api
"Do Breathe: Calm Your Mind, Find Focus, Get Stuff Done",Michael Townsend Williams,2017,2,The Observer,3,Attention and Presence,4,To Read,,,9781907974229,http://books.google.com/books/content?id=IJsGogEACAAJ&printsec=frontcover&img=1&zoom=1&fife=w800&source=gbs_api
Moments of Mindfulness: Daily Inspiration,Thich Nhat Hanh,2013,2,The Observer,3,Attention and Presence,5,To Read,,author varies by edition,9781937006501,http://books.google.com/books/content?id=DO7kAgAAQBAJ&printsec=frontcover&img=1&zoom=1&fife=w800&edge=curl&source=gbs_api
The Creative Act: A Way of Being,Rick Rubin,2023,2,The Observer,4,Creativity as a Way of Seeing,1,To Read,,,9781838858643,http://books.google.com/books/content?id=tRN5EAAAQBAJ&printsec=frontcover&img=1&zoom=1&fife=w800&edge=curl&source=gbs_api
Steal Like an Artist,Austin Kleon,2012,2,The Observer,4,Creativity as a Way of Seeing,2,To Read,,,9786021606810,http://books.google.com/books/content?id=73WqCgAAQBAJ&printsec=frontcover&img=1&zoom=1&fife=w800&edge=curl&source=gbs_api
Keep Going: 10 Ways to Stay Creative in Good Times and Bad,Austin Kleon,2019,2,The Observer,4,Creativity as a Way of Seeing,3,To Read,,,9781523507863,http://books.google.com/books/content?id=gZ94EAAAQBAJ&printsec=frontcover&img=1&zoom=1&fife=w800&edge=curl&source=gbs_api
Make Your Art No Matter What: Moving Beyond Creative Hurdles,Beth Pickens,2021,2,The Observer,4,Creativity as a Way of Seeing,4,To Read,,,9781452184159,http://books.google.com/books/content?id=W-oSEAAAQBAJ&printsec=frontcover&img=1&zoom=1&fife=w800&edge=curl&source=gbs_api
It's Never Too Late to Begin Again,Julia Cameron,2016,2,The Observer,4,Creativity as a Way of Seeing,5,To Read,,,9781101983546,http://books.google.com/books/content?id=zjhDCgAAQBAJ&printsec=frontcover&img=1&zoom=1&fife=w800&edge=curl&source=gbs_api
Daily Rituals: How Artists Work,Mason Currey,2013,2,The Observer,4,Creativity as a Way of Seeing,6,To Read,,,9782012036277,
"Play: How It Shapes the Brain, Opens the Imagination, and Invigorates the Soul",Stuart Brown & Christopher Vaughan,2009,2,The Observer,4,Creativity as a Way of Seeing,7,To Read,,,9781583333334,http://books.google.com/books/content?id=ESQDsgqfgusC&printsec=frontcover&img=1&zoom=1&fife=w800&source=gbs_api
Metaphors We Live By,George Lakoff & Mark Johnson,1980,2,The Observer,5,"Perception, Meaning, and Representation",1,To Read,,,9780226470993,http://books.google.com/books/content?id=r6nOYYtxzUoC&printsec=frontcover&img=1&zoom=1&fife=w800&edge=curl&source=gbs_api
How to Fall in Love with Questions: A New Way to Think About Everything,Elizabeth Weingarten,2023,2,The Observer,5,"Perception, Meaning, and Representation",2,To Read,,,9780063335158,http://books.google.com/books/content?id=dnh80QEACAAJ&printsec=frontcover&img=1&zoom=1&fife=w800&source=gbs_api
The Poetics of Space,Gaston Bachelard,1958,2,The Observer,5,"Perception, Meaning, and Representation",3,To Read,,,9780698170438,http://books.google.com/books/content?id=tN3bAwAAQBAJ&printsec=frontcover&img=1&zoom=1&fife=w800&edge=curl&source=gbs_api
The World of Perception,Maurice Merleau-Ponty,2004,2,The Observer,5,"Perception, Meaning, and Representation",4,To Read,,1948 lectures; English edition 2004,9781134381968,http://books.google.com/books/content?id=oZF_AgAAQBAJ&printsec=frontcover&img=1&zoom=1&fife=w800&edge=curl&source=gbs_api
The Design of Everyday Things: Revised and Expanded Edition,Don Norman,2013,3,The Designer,1,Foundations of Human-Centered Design,1,To Read,,Original edition: 1988,9780465072996,http://books.google.com/books/content?id=nVQPAAAAQBAJ&printsec=frontcover&img=1&zoom=1&fife=w800&edge=curl&source=gbs_api
The Humane Interface: New Directions for Designing Interactive Systems,Jef Raskin,2000,3,The Designer,1,Foundations of Human-Centered Design,2,To Read,,,9780471125716,
100 Things Every Designer Needs to Know About People,Susan Weinschenk,2011,3,The Designer,1,Foundations of Human-Centered Design,3,To Read,,,9780132658607,http://books.google.com/books/content?id=yODWdMUhkFwC&printsec=frontcover&img=1&zoom=1&fife=w800&edge=curl&source=gbs_api
100 More Things Every Designer Needs to Know About People,Susan Weinschenk,2020,3,The Designer,1,Foundations of Human-Centered Design,4,To Read,,,9780134196121,
Metaphors We Live By,George Lakoff & Mark Johnson,1980,3,The Designer,1,Foundations of Human-Centered Design,5,To Read,,,9780226470993,http://books.google.com/books/content?id=r6nOYYtxzUoC&printsec=frontcover&img=1&zoom=1&fife=w800&edge=curl&source=gbs_api
Notes on the Synthesis of Form,Christopher Alexander,1964,3,The Designer,2,Design Philosophy and Form,1,To Read,,,9780674251915,http://books.google.com/books/content?id=5gcPEAAAQBAJ&printsec=frontcover&img=1&zoom=1&fife=w800&edge=curl&source=gbs_api
The Shape of Design,Frank Chimero,2012,3,The Designer,2,Design Philosophy and Form,2,To Read,,,9780985472207,
The Design Method: A Philosophy and Process for Functional Visual Communication,Eric Karjaluoto,2013,3,The Designer,2,Design Philosophy and Form,3,To Read,,,9780133438949,http://books.google.com/books/content?id=DfBdAAAAQBAJ&printsec=frontcover&img=1&zoom=1&fife=w800&edge=curl&source=gbs_api
The Future of Design,Lorraine Justice,2019,3,The Designer,2,Design Philosophy and Form,4,To Read,,,9781473684683,http://books.google.com/books/content?id=e91bDwAAQBAJ&printsec=frontcover&img=1&zoom=1&fife=w800&edge=curl&source=gbs_api
Why Design Matters: Conversations with the World's Most Creative People,Debbie Millman,2022,3,The Designer,2,Design Philosophy and Form,5,To Read,,,9780062872982,http://books.google.com/books/content?id=PAEXEAAAQBAJ&printsec=frontcover&img=1&zoom=1&fife=w800&edge=curl&source=gbs_api
Build: An Unorthodox Guide to Making Things Worth Making,Tony Fadell,2022,3,The Designer,3,Product Design and Building,1,To Read,,,9781473584136,http://books.google.com/books/content?id=L7dQEAAAQBAJ&printsec=frontcover&img=1&zoom=1&fife=w800&edge=curl&source=gbs_api
Creative Selection: Inside Apple's Design Process During the Golden Age of Steve Jobs,Ken Kocienda,2018,3,The Designer,3,Product Design and Building,2,To Read,,,9781250194473,http://books.google.com/books/content?id=nntJDwAAQBAJ&printsec=frontcover&img=1&zoom=1&fife=w800&edge=curl&source=gbs_api
Make Something Wonderful: Steve Jobs in His Own Words,Steve Jobs,2023,3,The Designer,3,Product Design and Building,3,To Read,,,9798993983806,http://books.google.com/books/content?id=HxO20QEACAAJ&printsec=frontcover&img=1&zoom=1&fife=w800&source=gbs_api
Sprint: How to Solve Big Problems and Test New Ideas in Just Five Days,"Jake Knapp, John Zeratsky & Braden Kowitz",2016,3,The Designer,3,Product Design and Building,4,To Read,,,9786022912897,http://books.google.com/books/content?id=QupUDgAAQBAJ&printsec=frontcover&img=1&zoom=1&fife=w800&edge=curl&source=gbs_api
When Coffee and Kale Compete: Become Great at Making Products People Will Buy,Alan Klement,2018,3,The Designer,3,Product Design and Building,5,To Read,,,9781534873063,http://books.google.com/books/content?id=UwkutQEACAAJ&printsec=frontcover&img=1&zoom=1&fife=w800&source=gbs_api
Product Management for UX People,Roman Pichler,,3,The Designer,3,Product Design and Building,6,To Read,,verify edition/year,9781916303027,http://books.google.com/books/content?id=LEbYDwAAQBAJ&printsec=frontcover&img=1&zoom=1&fife=w800&edge=curl&source=gbs_api
Solving Product Design Exercises: Interview Questions & Answers,Artiom Dashinsky,2021,3,The Designer,3,Product Design and Building,7,To Read,,,9781977000422,http://books.google.com/books/content?id=_zhCtAEACAAJ&printsec=frontcover&img=1&zoom=1&fife=w800&source=gbs_api
8 Step UX Portfolio Blueprint,Sarah Doody,,3,The Designer,3,Product Design and Building,8,To Read,,verify year,,
UX Portfolio Workshop Action Sheets,Sarah Doody,,3,The Designer,3,Product Design and Building,9,To Read,,verify year,,
How to Make Sense of Any Mess: Information Architecture for Everybody,Abby Covert,2014,3,The Designer,3,Product Design and Building,10,To Read,,,9781500615994,http://books.google.com/books/content?id=02TgrQEACAAJ&printsec=frontcover&img=1&zoom=1&fife=w800&source=gbs_api
Press On: Principles of Interaction Programming,Harold Thimbleby,2007,3,The Designer,3,Product Design and Building,11,To Read,,,,
"Ruined by Design: How Designers Destroyed the World, and What We Can Do to Fix It",Mike Monteiro,2019,3,The Designer,4,Design Ethics and Responsibility,1,To Read,,,9798989358786,http://books.google.com/books/content?id=MbQQ0QEACAAJ&printsec=frontcover&img=1&zoom=1&fife=w800&source=gbs_api
Mismatch: How Inclusion Shapes Design,Kat Holmes,2018,3,The Designer,4,Design Ethics and Responsibility,2,To Read,,,9780262349635,http://books.google.com/books/content?id=KzNwDwAAQBAJ&printsec=frontcover&img=1&zoom=1&fife=w800&edge=curl&source=gbs_api
The Best Interface Is No Interface: The Simple Path to Brilliant Technology,Golden Krishna,2015,3,The Designer,4,Design Ethics and Responsibility,3,To Read,,,9780133890426,http://books.google.com/books/content?id=CgR1BgAAQBAJ&printsec=frontcover&img=1&zoom=1&fife=w800&edge=curl&source=gbs_api
"User Friendly: How the Hidden Rules of Design Are Changing the Way We Live, Work, and Play",Cliff Kuang & Farhad Manjoo,2019,3,The Designer,4,Design Ethics and Responsibility,4,To Read,,,9780753556641,http://books.google.com/books/content?id=EagAswEACAAJ&printsec=frontcover&img=1&zoom=1&fife=w800&source=gbs_api
"Designing Your Life: How to Build a Well-Lived, Joyful Life",Bill Burnett & Dave Evans,2016,3,The Designer,5,"Design, Work, and Career",1,To Read,,,9781539809913,http://books.google.com/books/content?id=EnsovgAACAAJ&printsec=frontcover&img=1&zoom=1&fife=w800&source=gbs_api
Designing Your New Work Life,Bill Burnett & Dave Evans,2020,3,The Designer,5,"Design, Work, and Career",2,To Read,,,9780593467466,http://books.google.com/books/content?id=SNoxEAAAQBAJ&printsec=frontcover&img=1&zoom=1&fife=w800&edge=curl&source=gbs_api
The First 90 Days: Proven Strategies for Getting Up to Speed Faster and Smarter,Michael D. Watkins,2003,3,The Designer,5,"Design, Work, and Career",3,To Read,,,9781690405399,http://books.google.com/books/content?id=rRNLyQEACAAJ&printsec=frontcover&img=1&zoom=1&fife=w800&source=gbs_api
The Making of a Manager: What to Do When Everyone Looks to You,Julie Zhuo,2019,3,The Designer,5,"Design, Work, and Career",4,To Read,,,9780735219571,http://books.google.com/books/content?id=iblMDwAAQBAJ&printsec=frontcover&img=1&zoom=1&fife=w800&edge=curl&source=gbs_api
The Art of Doing Science and Engineering: Learning to Learn,Richard Hamming,2020,3,The Designer,5,"Design, Work, and Career",5,To Read,,Originally 1980s lectures,9781953953315,http://books.google.com/books/content?id=3RjBEAAAQBAJ&printsec=frontcover&img=1&zoom=1&fife=w800&edge=curl&source=gbs_api
Learning by Heart: Teachings to Free the Creative Spirit,Corita Kent,2008,3,The Designer,5,"Design, Work, and Career",6,To Read,,,9781581156478,http://books.google.com/books/content?id=X7fcwAEACAAJ&printsec=frontcover&img=1&zoom=1&fife=w800&source=gbs_api
The Almanack of Naval Ravikant,Eric Jorgenson,2020,3,The Designer,5,"Design, Work, and Career",7,To Read,,,9781544514222,http://books.google.com/books/content?id=kcu9zQEACAAJ&printsec=frontcover&img=1&zoom=1&fife=w800&source=gbs_api
Culture and Materialism,Raymond Williams,1980,3,The Designer,6,Broader Creative and Cultural Context,1,To Read,,,9781839763076,http://books.google.com/books/content?id=qjf_DwAAQBAJ&printsec=frontcover&img=1&zoom=1&fife=w800&edge=curl&source=gbs_api
You Are Not a Gadget: A Manifesto,Jaron Lanier,2010,3,The Designer,6,Broader Creative and Cultural Context,2,To Read,,,9780141960883,http://books.google.com/books/content?id=LNan8BNXQjYC&printsec=frontcover&img=1&zoom=1&fife=w800&edge=curl&source=gbs_api
Make Time: How to Focus on What Matters Every Day,Jake Knapp & John Zeratsky,2018,3,The Designer,6,Broader Creative and Cultural Context,3,To Read,,,9781790935840,http://books.google.com/books/content?id=uimSvwEACAAJ&printsec=frontcover&img=1&zoom=1&fife=w800&source=gbs_api
The Paradox of Choice: Why More Is Less,Barry Schwartz,2004,3,The Designer,6,Broader Creative and Cultural Context,4,To Read,,,9780060005689,
Think Again: The Power of Knowing What You Don’t Know,Adam Grant,2021,3,The Designer,6,Broader Creative and Cultural Context,5,To Read,,,9781984878113,http://books.google.com/books/content?id=sBb6DwAAQBAJ&printsec=frontcover&img=1&zoom=1&fife=w800&edge=curl&source=gbs_api
This Is Marketing: You Can't Be Seen Until You Learn to See,Seth Godin,2018,3,The Designer,6,Broader Creative and Cultural Context,6,To Read,,,9780525540830,http://books.google.com/books/content?id=B8JyDwAAQBAJ&printsec=frontcover&img=1&zoom=1&fife=w800&source=gbs_api
How to Do Nothing: Resisting the Attention Economy,Jenny Odell,2019,4,The Critic of Modernity,1,"Attention, Technology, and the Loss of Agency",1,To Read,,,9781612197500,http://books.google.com/books/content?id=OMBkDwAAQBAJ&printsec=frontcover&img=1&zoom=1&fife=w800&edge=curl&source=gbs_api
Stand Out of Our Light: Freedom and Resistance in the Attention Economy,James Williams,2018,4,The Critic of Modernity,1,"Attention, Technology, and the Loss of Agency",2,To Read,,,9781108429092,http://books.google.com/books/content?id=88FWDwAAQBAJ&printsec=frontcover&img=1&zoom=1&fife=w800&edge=curl&source=gbs_api
Stolen Focus: Why You Can’t Pay Attention—and How to Think Deeply Again,Johann Hari,2022,4,The Critic of Modernity,1,"Attention, Technology, and the Loss of Agency",3,To Read,,,9781038353191,http://books.google.com/books/content?id=GVLBEQAAQBAJ&printsec=frontcover&img=1&zoom=1&fife=w800&edge=curl&source=gbs_api
Ten Arguments for Deleting Your Social Media Accounts Right Now,Jaron Lanier,2018,4,The Critic of Modernity,1,"Attention, Technology, and the Loss of Agency",4,To Read,,,9781250196699,http://books.google.com/books/content?id=NZVJDwAAQBAJ&printsec=frontcover&img=1&zoom=1&fife=w800&edge=curl&source=gbs_api
The Anxious Generation: How the Great Rewiring of Childhood Is Causing an Epidemic of Mental Illness,Jonathan Haidt,2024,4,The Critic of Modernity,1,"Attention, Technology, and the Loss of Agency",5,To Read,,,9781802063288,http://books.google.com/books/content?id=uCvAEAAAQBAJ&printsec=frontcover&img=1&zoom=1&fife=w800&edge=curl&source=gbs_api
Dopamine Nation: Finding Balance in the Age of Indulgence,Anna Lembke,2021,4,The Critic of Modernity,1,"Attention, Technology, and the Loss of Agency",6,To Read,,,9780593472866,
"The Four: The Hidden DNA of Amazon, Apple, Facebook, and Google",Scott Galloway,2017,4,The Critic of Modernity,2,Digital Platforms and Technology Critique,1,To Read,,,9781473542105,http://books.google.com/books/content?id=_eTACwAAQBAJ&printsec=frontcover&img=1&zoom=1&fife=w800&edge=curl&source=gbs_api
You Are Not a Gadget: A Manifesto,Jaron Lanier,2010,4,The Critic of Modernity,2,Digital Platforms and Technology Critique,2,To Read,,,9780141960883,http://books.google.com/books/content?id=LNan8BNXQjYC&printsec=frontcover&img=1&zoom=1&fife=w800&edge=curl&source=gbs_api
Enshittification: Why Everything Suddenly Got Worse and What to Do About It,Cory Doctorow,2024,4,The Critic of Modernity,2,Digital Platforms and Technology Critique,3,To Read,,,9780374619336,http://books.google.com/books/content?id=eyc4EQAAQBAJ&printsec=frontcover&img=1&zoom=1&fife=w800&edge=curl&source=gbs_api
"The Scaling Era: An Oral History of AI, 2019–2025",Dwarkesh Patel,2025,4,The Critic of Modernity,2,Digital Platforms and Technology Critique,4,To Read,,author/editor verification needed,9781953953568,http://books.google.com/books/content?id=AeJPEQAAQBAJ&printsec=frontcover&img=1&zoom=1&fife=w800&edge=curl&source=gbs_api
Bad Blood: Secrets and Lies in a Silicon Valley Startup,John Carreyrou,2018,4,The Critic of Modernity,2,Digital Platforms and Technology Critique,5,To Read,,,9781524731663,http://books.google.com/books/content?id=CcJFDwAAQBAJ&printsec=frontcover&img=1&zoom=1&fife=w800&edge=curl&source=gbs_api
Careless People: A Story of Where I Used to Work,Sarah Wynn-Williams,2025,4,The Critic of Modernity,2,Digital Platforms and Technology Critique,6,To Read,,,9781761771446,http://books.google.com/books/content?id=PKlMEQAAQBAJ&printsec=frontcover&img=1&zoom=1&fife=w800&source=gbs_api
Bullshit Jobs: A Theory,David Graeber,2018,4,The Critic of Modernity,3,"Work, Labor, and Meaning",1,To Read,,,9781501143335,http://books.google.com/books/content?id=co2RDwAAQBAJ&printsec=frontcover&img=1&zoom=1&fife=w800&edge=curl&source=gbs_api
Can't Even: How Millennials Became the Burnout Generation,Anne Helen Petersen,2020,4,The Critic of Modernity,3,"Work, Labor, and Meaning",2,To Read,,,9780358561842,http://books.google.com/books/content?id=72oOEAAAQBAJ&printsec=frontcover&img=1&zoom=1&fife=w800&edge=curl&source=gbs_api
Overtime: Why We Need a Shorter Working Week,Will Stronge & Kyle Lewis,2021,4,The Critic of Modernity,3,"Work, Labor, and Meaning",3,To Read,,,9781788738705,http://books.google.com/books/content?id=YpzJDwAAQBAJ&printsec=frontcover&img=1&zoom=1&fife=w800&edge=curl&source=gbs_api
Exit Interview: A Memoir,Kristi Coulter,2024,4,The Critic of Modernity,3,"Work, Labor, and Meaning",4,To Read,,,9780374600914,http://books.google.com/books/content?id=hr2iEAAAQBAJ&printsec=frontcover&img=1&zoom=1&fife=w800&edge=curl&source=gbs_api
Four Thousand Weeks: Time Management for Mortals,Oliver Burkeman,2021,4,The Critic of Modernity,3,"Work, Labor, and Meaning",5,To Read,,,9780374715243,http://books.google.com/books/content?id=WFP2DwAAQBAJ&printsec=frontcover&img=1&zoom=1&fife=w800&edge=curl&source=gbs_api
The Tyranny of Merit: What’s Become of the Common Good?,Michael J. Sandel,2020,4,The Critic of Modernity,3,"Work, Labor, and Meaning",6,To Read,,,9780141991184,http://books.google.com/books/content?id=QqfIDwAAQBAJ&printsec=frontcover&img=1&zoom=1&fife=w800&edge=curl&source=gbs_api
The Score: How to Stop Playing Somebody Else’s Game,C. Thi Nguyen,2026,4,The Critic of Modernity,3,"Work, Labor, and Meaning",7,To Read,,,9780593655658,http://books.google.com/books/content?id=TZFVEQAAQBAJ&printsec=frontcover&img=1&zoom=1&fife=w800&edge=curl&source=gbs_api
One-Dimensional Man: Studies in the Ideology of Advanced Industrial Society,Herbert Marcuse,1964,4,The Critic of Modernity,4,"Society, Ideology, and Modern Life",1,To Read,,,,
The Society of the Spectacle,Guy Debord,1967,4,The Critic of Modernity,4,"Society, Ideology, and Modern Life",2,To Read,,,9781907903830,http://books.google.com/books/content?id=NYrsnQEACAAJ&printsec=frontcover&img=1&zoom=1&fife=w800&source=gbs_api
Capitalist Realism: Is There No Alternative?,Mark Fisher,2009,4,The Critic of Modernity,4,"Society, Ideology, and Modern Life",3,To Read,,,9781803414317,http://books.google.com/books/content?id=QSiUEAAAQBAJ&printsec=frontcover&img=1&zoom=1&fife=w800&edge=curl&source=gbs_api
Status Anxiety,Alain de Botton,2004,4,The Critic of Modernity,4,"Society, Ideology, and Modern Life",4,To Read,,,9780141930244,http://books.google.com/books/content?id=ONJCDvhUTzIC&printsec=frontcover&img=1&zoom=1&fife=w800&edge=curl&source=gbs_api
The End of Average: How to Succeed in a World That Values Sameness,Todd Rose,2016,4,The Critic of Modernity,4,"Society, Ideology, and Modern Life",5,To Read,,,9780141980027,http://books.google.com/books/content?id=w7-zCgAAQBAJ&printsec=frontcover&img=1&zoom=1&fife=w800&edge=curl&source=gbs_api
Everything Is F*cked: A Book About Hope,Mark Manson,2019,4,The Critic of Modernity,4,"Society, Ideology, and Modern Life",6,To Read,,,9781070914756,http://books.google.com/books/content?id=X0vuzgEACAAJ&printsec=frontcover&img=1&zoom=1&fife=w800&source=gbs_api
On Tyranny: Twenty Lessons from the Twentieth Century,Timothy Snyder,2017,4,The Critic of Modernity,4,"Society, Ideology, and Modern Life",7,To Read,,,9780804190121,http://books.google.com/books/content?id=3z7cDQAAQBAJ&printsec=frontcover&img=1&zoom=1&fife=w800&edge=curl&source=gbs_api
Hillbilly Elegy: A Memoir of a Family and Culture in Crisis,J. D. Vance,2016,4,The Critic of Modernity,4,"Society, Ideology, and Modern Life",8,To Read,,,9780062300560,http://books.google.com/books/content?id=bKmpCgAAQBAJ&printsec=frontcover&img=1&zoom=1&fife=w800&edge=curl&source=gbs_api
The Fountainhead,Ayn Rand,1943,4,The Critic of Modernity,4,"Society, Ideology, and Modern Life",9,To Read,,,9780451231000,http://books.google.com/books/content?id=rjfTjgEACAAJ&printsec=frontcover&img=1&zoom=1&fife=w800&source=gbs_api
Sapiens: A Brief History of Humankind,Yuval Noah Harari,2011,4,The Critic of Modernity,4,"Society, Ideology, and Modern Life",10,To Read,,,9780062316103,http://books.google.com/books/content?id=FmyBAwAAQBAJ&printsec=frontcover&img=1&zoom=1&fife=w800&edge=curl&source=gbs_api
Culture and Materialism,Raymond Williams,1980,4,The Critic of Modernity,5,"Culture, Meaning and Judgment",1,To Read,,,9781839763076,http://books.google.com/books/content?id=qjf_DwAAQBAJ&printsec=frontcover&img=1&zoom=1&fife=w800&edge=curl&source=gbs_api
On Bullshit,Harry Frankfurt,2005,4,The Critic of Modernity,5,"Culture, Meaning and Judgment",2,To Read,,,9780691276793,http://books.google.com/books/content?id=GCxOEQAAQBAJ&printsec=frontcover&img=1&zoom=1&fife=w800&edge=curl&source=gbs_api
Useful Not True,Derek Sivers,2025,4,The Critic of Modernity,5,"Culture, Meaning and Judgment",3,To Read,,,9780473453046,http://books.google.com/books/content?id=cguW0QEACAAJ&printsec=frontcover&img=1&zoom=1&fife=w800&source=gbs_api
"Thinking, Fast and Slow",Daniel Kahneman,2011,4,The Critic of Modernity,5,"Culture, Meaning and Judgment",4,To Read,,,9781846140556,http://books.google.com/books/content?id=YGPzXWanppcC&printsec=frontcover&img=1&zoom=1&fife=w800&source=gbs_api
Noise: A Flaw in Human Judgment,"Daniel Kahneman, Olivier Sibony & Cass R. Sunstein",2021,4,The Critic of Modernity,5,"Culture, Meaning and Judgment",5,To Read,,,9780316451383,http://books.google.com/books/content?id=g2MBEAAAQBAJ&printsec=frontcover&img=1&zoom=1&fife=w800&edge=curl&source=gbs_api
The Amateur: The Pleasures of Doing Things Badly,Andy Merrifield,2011,4,The Critic of Modernity,5,"Culture, Meaning and Judgment",6,To Read,,,9781786631077,http://books.google.com/books/content?id=kedqDwAAQBAJ&printsec=frontcover&img=1&zoom=1&fife=w800&edge=curl&source=gbs_api
Conscious: A Brief Guide to the Fundamental Mystery of the Mind,Annaka Harris,2019,5,Psychology & Mind,1,Consciousness and the Nature of Mind,1,To Read,,,9780062906731,http://books.google.com/books/content?id=n6JrDwAAQBAJ&printsec=frontcover&img=1&zoom=1&fife=w800&edge=curl&source=gbs_api
The Hidden Spring: A Journey to the Source of Consciousness,Mark Solms,2021,5,Psychology & Mind,1,Consciousness and the Nature of Mind,2,To Read,,,9781782835714,http://books.google.com/books/content?id=v4T2DwAAQBAJ&printsec=frontcover&img=1&zoom=1&fife=w800&edge=curl&source=gbs_api
"The Secret Life of the Mind: How Your Brain Thinks, Feels, and Decides",Mariano Sigman,2015,5,Psychology & Mind,1,Consciousness and the Nature of Mind,3,To Read,,,9780316549615,http://books.google.com/books/content?id=SQsvDQAAQBAJ&printsec=frontcover&img=1&zoom=1&fife=w800&edge=curl&source=gbs_api
Behave: The Biology of Humans at Our Best and Worst,Robert Sapolsky,2017,5,Psychology & Mind,2,Human Nature and Biology,1,To Read,,,9780735222786,http://books.google.com/books/content?id=sJKoDAAAQBAJ&printsec=frontcover&img=1&zoom=1&fife=w800&edge=curl&source=gbs_api
The Body: A Guide for Occupants,Bill Bryson,2019,5,Psychology & Mind,2,Human Nature and Biology,2,To Read,,,9780385539319,http://books.google.com/books/content?id=OHuDDwAAQBAJ&printsec=frontcover&img=1&zoom=1&fife=w800&edge=curl&source=gbs_api
The Body Keeps the Score: Brain Mind and Body in the Healing of Trauma,Bessel van der Kolk,2014,5,Psychology & Mind,2,Human Nature and Biology,3,To Read,,,9781697121353,http://books.google.com/books/content?id=Yv2nywEACAAJ&printsec=frontcover&img=1&zoom=1&fife=w800&source=gbs_api
"Thinking, Fast and Slow",Daniel Kahneman,2011,5,Psychology & Mind,3,Decision Making and Cognitive Bias,1,To Read,,,9781846140556,http://books.google.com/books/content?id=YGPzXWanppcC&printsec=frontcover&img=1&zoom=1&fife=w800&source=gbs_api
Noise: A Flaw in Human Judgment,"Daniel Kahneman, Olivier Sibony & Cass R. Sunstein",2021,5,Psychology & Mind,3,Decision Making and Cognitive Bias,2,To Read,,,9780316451383,http://books.google.com/books/content?id=g2MBEAAAQBAJ&printsec=frontcover&img=1&zoom=1&fife=w800&edge=curl&source=gbs_api
Dopamine Nation: Finding Balance in the Age of Indulgence,Anna Lembke,2021,5,Psychology & Mind,4,"Desire, Reward, Addiction, and Modern Behavior",1,To Read,,,9780593472866,
The Molecule of More,Daniel Z. Lieberman & Michael E. Long,2018,5,Psychology & Mind,4,"Desire, Reward, Addiction, and Modern Behavior",2,To Read,,,9781946885296,http://books.google.com/books/content?id=ngFCDwAAQBAJ&printsec=frontcover&img=1&zoom=1&fife=w800&edge=curl&source=gbs_api
The Anxious Generation: How the Great Rewiring of Childhood Is Causing an Epidemic of Mental Illness,Jonathan Haidt,2024,5,Psychology & Mind,4,"Desire, Reward, Addiction, and Modern Behavior",3,To Read,,,9781802063288,http://books.google.com/books/content?id=uCvAEAAAQBAJ&printsec=frontcover&img=1&zoom=1&fife=w800&edge=curl&source=gbs_api
"Altered Traits: Science Reveals How Meditation Changes Your Mind, Brain, and Body",Daniel Goleman & Richard J. Davidson,2017,5,Psychology & Mind,5,"Meditation, Neuroplasticity, and Self-Transformation",1,To Read,,,9780399184406,http://books.google.com/books/content?id=e8IPDgAAQBAJ&printsec=frontcover&img=1&zoom=1&fife=w800&edge=curl&source=gbs_api
Why We Meditate: The Science and Practice of Clarity and Compassion,Yongey Mingyur Rinpoche & Erika Rosenberg,2022,5,Psychology & Mind,5,"Meditation, Neuroplasticity, and Self-Transformation",2,To Read,,,9781982178468,http://books.google.com/books/content?id=73kyEQAAQBAJ&printsec=frontcover&img=1&zoom=1&fife=w800&edge=curl&source=gbs_api
"Rewire: Break the Cycle, Alter Your Thoughts and Create Lasting Change",Nicole Vignola,2024,5,Psychology & Mind,5,"Meditation, Neuroplasticity, and Self-Transformation",3,To Read,,,9781405958998,http://books.google.com/books/content?id=ACG_EAAAQBAJ&printsec=frontcover&img=1&zoom=1&fife=w800&edge=curl&source=gbs_api
Reinventing Your Life: The Breakthrough Program to End Negative Behavior and Feel Great Again,Jeffrey E. Young & Janet S. Klosko,1993,5,Psychology & Mind,5,"Meditation, Neuroplasticity, and Self-Transformation",4,To Read,,,9786264194457,http://books.google.com/books/content?id=zvleEQAAQBAJ&printsec=frontcover&img=1&zoom=1&fife=w800&edge=curl&source=gbs_api
Quiet: The Power of Introverts in a World That Can't Stop Talking,Susan Cain,2012,5,Psychology & Mind,6,"Personality, Identity, and Individual Differences",1,To Read,,,9780307452207,http://books.google.com/books/content?id=uyjf3uaQ4TwC&printsec=frontcover&img=1&zoom=1&fife=w800&edge=curl&source=gbs_api
The End of Average: How to Succeed in a World That Values Sameness,Todd Rose,2016,5,Psychology & Mind,6,"Personality, Identity, and Individual Differences",2,To Read,,,9780141980027,http://books.google.com/books/content?id=w7-zCgAAQBAJ&printsec=frontcover&img=1&zoom=1&fife=w800&edge=curl&source=gbs_api
Atomic Habits: An Easy & Proven Way to Build Good Habits & Break Bad Ones,James Clear,2018,5,Psychology & Mind,6,"Personality, Identity, and Individual Differences",3,To Read,,,9789388241908,http://books.google.com/books/content?id=WmqyDwAAQBAJ&printsec=frontcover&img=1&zoom=1&fife=w800&edge=curl&source=gbs_api
Me But Better: The Science and Promise of Personality Change,Olga Khazan,2025,5,Psychology & Mind,6,"Personality, Identity, and Individual Differences",4,To Read,,2025/2026 edition depending on region,9781668012567,http://books.google.com/books/content?id=xBMMEQAAQBAJ&printsec=frontcover&img=1&zoom=1&fife=w800&edge=curl&source=gbs_api
The Subtle Art of Not Giving a F*ck,Mark Manson,2016,5,Psychology & Mind,6,"Personality, Identity, and Individual Differences",5,To Read,,,9780062457738,http://books.google.com/books/content?id=yng_CwAAQBAJ&printsec=frontcover&img=1&zoom=1&fife=w800&edge=curl&source=gbs_api
Talk: The Science of Conversation and the Art of Being Ourselves,Alison Wood Brooks,2023,5,Psychology & Mind,7,Relationships and Social Psychology,1,To Read,,,9780593443514,http://books.google.com/books/content?id=TeyaEQAAQBAJ&printsec=frontcover&img=1&zoom=1&fife=w800&edge=curl&source=gbs_api
Talking to Strangers: What We Should Know about the People We Don’t Know,Malcolm Gladwell,2019,5,Psychology & Mind,7,Relationships and Social Psychology,2,To Read,,,9781710389586,http://books.google.com/books/content?id=aTBVzQEACAAJ&printsec=frontcover&img=1&zoom=1&fife=w800&source=gbs_api
Nonviolent Communication: A Language of Life,Marshall B. Rosenberg,1999,5,Psychology & Mind,7,Relationships and Social Psychology,3,To Read,,,9781892005540,http://books.google.com/books/content?id=A3qACgAAQBAJ&printsec=frontcover&img=1&zoom=1&fife=w800&edge=curl&source=gbs_api
The Art of Listening,Erich Fromm,1994,5,Psychology & Mind,7,Relationships and Social Psychology,4,To Read,,1994 English publication; 2024 reissue,,
Why We Sleep: Unlocking the Power of Sleep and Dreams,Matthew Walker,2017,5,Psychology & Mind,8,Sleep and Physical Restoration,1,To Read,,,9781501144318,http://books.google.com/books/content?id=ZlU3DwAAQBAJ&printsec=frontcover&img=1&zoom=1&fife=w800&edge=curl&source=gbs_api
Convenience Store Woman,Sayaka Murata,2016,6,Literature & Poetry,1,"Ordinary Life, Quiet Loneliness, and Human Observation",1,To Read,,,9781846276859,http://books.google.com/books/content?id=5oFjDwAAQBAJ&printsec=frontcover&img=1&zoom=1&fife=w800&edge=curl&source=gbs_api
Strange Weather in Tokyo,Hiromi Kawakami,2001,6,Literature & Poetry,1,"Ordinary Life, Quiet Loneliness, and Human Observation",2,To Read,,,9781846275098,http://books.google.com/books/content?id=elG0HvDkIesC&printsec=frontcover&img=1&zoom=1&fife=w800&edge=curl&source=gbs_api
What We Talk About When We Talk About Love,Raymond Carver,1981,6,Literature & Poetry,1,"Ordinary Life, Quiet Loneliness, and Human Observation",3,To Read,,,9781101970478,http://books.google.com/books/content?id=ZglfBwAAQBAJ&printsec=frontcover&img=1&zoom=1&fife=w800&edge=curl&source=gbs_api
A Visit from the Goon Squad,Jennifer Egan,2010,6,Literature & Poetry,1,"Ordinary Life, Quiet Loneliness, and Human Observation",4,To Read,,,9780307593627,http://books.google.com/books/content?id=nsb71f5EFcIC&printsec=frontcover&img=1&zoom=1&fife=w800&edge=curl&source=gbs_api
The Wedding People,Alison Espach,2024,6,Literature & Poetry,1,"Ordinary Life, Quiet Loneliness, and Human Observation",5,To Read,,,9781420514728,http://books.google.com/books/content?id=S5uw0AEACAAJ&printsec=frontcover&img=1&zoom=1&fife=w800&source=gbs_api
Hello Beautiful,Ann Napolitano,2023,6,Literature & Poetry,1,"Ordinary Life, Quiet Loneliness, and Human Observation",6,To Read,,,9780593243749,http://books.google.com/books/content?id=KbZ9EAAAQBAJ&printsec=frontcover&img=1&zoom=1&fife=w800&edge=curl&source=gbs_api
Lessons in Chemistry,Bonnie Garmus,2022,6,Literature & Poetry,1,"Ordinary Life, Quiet Loneliness, and Human Observation",7,To Read,,,9780593314487,http://books.google.com/books/content?id=PDJBEQAAQBAJ&printsec=frontcover&img=1&zoom=1&fife=w800&edge=curl&source=gbs_api
Beautyland,Marie-Helene Bertino,2024,6,Literature & Poetry,1,"Ordinary Life, Quiet Loneliness, and Human Observation",8,To Read,,,9780374721893,http://books.google.com/books/content?id=c-a5EAAAQBAJ&printsec=frontcover&img=1&zoom=1&fife=w800&edge=curl&source=gbs_api
Rejection,Tony Tulathimutte,2024,6,Literature & Poetry,1,"Ordinary Life, Quiet Loneliness, and Human Observation",9,To Read,,,9780008759407,http://books.google.com/books/content?id=wCEuEQAAQBAJ&printsec=frontcover&img=1&zoom=1&fife=w800&edge=curl&source=gbs_api
A Philosophy of Loneliness,Ole Jacob Madsen,2021,6,Literature & Poetry,1,"Ordinary Life, Quiet Loneliness, and Human Observation",10,To Read,,,9781317437772,http://books.google.com/books/content?id=XpjwCQAAQBAJ&printsec=frontcover&img=1&zoom=1&fife=w800&edge=curl&source=gbs_api
The Memory Police,Yōko Ogawa,1994,6,Literature & Poetry,2,"Memory, Loss, and Identity",1,To Read,,,9781846559495,http://books.google.com/books/content?id=-6WLswEACAAJ&printsec=frontcover&img=1&zoom=1&fife=w800&source=gbs_api
Klara and the Sun,Kazuo Ishiguro,2021,6,Literature & Poetry,2,"Memory, Loss, and Identity",2,To Read,,,9780593318188,http://books.google.com/books/content?id=S7jrDwAAQBAJ&printsec=frontcover&img=1&zoom=1&fife=w800&edge=curl&source=gbs_api
I Love You but I’ve Chosen Darkness,Claire Vaye Watkins,2021,6,Literature & Poetry,2,"Memory, Loss, and Identity",3,To Read,,,9780593330234,http://books.google.com/books/content?id=ofceEAAAQBAJ&printsec=frontcover&img=1&zoom=1&fife=w800&edge=curl&source=gbs_api
Briefly A Delicious Life,Nell Stevens,2022,6,Literature & Poetry,2,"Memory, Loss, and Identity",4,To Read,,,9781529083453,http://books.google.com/books/content?id=r1dTEAAAQBAJ&printsec=frontcover&img=1&zoom=1&fife=w800&edge=curl&source=gbs_api
Flashlight,Susan Choi,2025,6,Literature & Poetry,2,"Memory, Loss, and Identity",5,To Read,,,9781420528077,http://books.google.com/books/content?id=gy1g0QEACAAJ&printsec=frontcover&img=1&zoom=1&fife=w800&source=gbs_api
Your Steps on the Stairs,Antonio Muñoz Molina,2019,6,Literature & Poetry,2,"Memory, Loss, and Identity",6,To Read,,2019 Spanish original / 2025 English edition,9781635424355,http://books.google.com/books/content?id=VSITEQAAQBAJ&printsec=frontcover&img=1&zoom=1&fife=w800&edge=curl&source=gbs_api
The Float Test,Lynn Steger Strong,2024,6,Literature & Poetry,2,"Memory, Loss, and Identity",7,To Read,,,9780063390805,http://books.google.com/books/content?id=kTYYEQAAQBAJ&printsec=frontcover&img=1&zoom=1&fife=w800&edge=curl&source=gbs_api
Body Work: The Radical Power of Personal Narrative,Melissa Febos,2022,6,Literature & Poetry,2,"Memory, Loss, and Identity",8,To Read,,,9781646220861,http://books.google.com/books/content?id=g10zEAAAQBAJ&printsec=frontcover&img=1&zoom=1&fife=w800&edge=curl&source=gbs_api
The End of Love: A Sociology of Negative Relations,Eva Illouz,2019,6,Literature & Poetry,2,"Memory, Loss, and Identity",9,To Read,,,9781509550265,http://books.google.com/books/content?id=S1BDEAAAQBAJ&printsec=frontcover&img=1&zoom=1&fife=w800&edge=curl&source=gbs_api
半蝕,韓麗珠,,6,Literature & Poetry,2,"Memory, Loss, and Identity",10,To Read,,,9789860625394,http://books.google.com/books/content?id=cWdiEAAAQBAJ&printsec=frontcover&img=1&zoom=1&fife=w800&edge=curl&source=gbs_api
江南三部曲（一）：人面桃花,格非,2004,6,Literature & Poetry,2,"Memory, Loss, and Identity",11,To Read,,,9787520154697,http://books.google.com/books/content?id=pBZUEAAAQBAJ&printsec=frontcover&img=1&zoom=1&fife=w800&edge=curl&source=gbs_api
The Stranger,Albert Camus,1942,6,Literature & Poetry,3,Existential Literature,1,To Read,,,9780679420262,http://books.google.com/books/content?id=qH6TEAAAQBAJ&printsec=frontcover&img=1&zoom=1&fife=w800&source=gbs_api
The Trial,Franz Kafka,1925,6,Literature & Poetry,3,Existential Literature,2,To Read,,,9781529036060,http://books.google.com/books/content?id=jA_ADwAAQBAJ&printsec=frontcover&img=1&zoom=1&fife=w800&edge=curl&source=gbs_api
The Myth of Sisyphus and Other Essays,Albert Camus,1942,6,Literature & Poetry,3,Existential Literature,3,To Read,,,9780307827821,http://books.google.com/books/content?id=9kQSjiUX1RIC&printsec=frontcover&img=1&zoom=1&fife=w800&edge=curl&source=gbs_api
The Catcher in the Rye,J. D. Salinger,1951,6,Literature & Poetry,3,Existential Literature,4,To Read,,,9780241988794,http://books.google.com/books/content?id=mZunDwAAQBAJ&printsec=frontcover&img=1&zoom=1&fife=w800&edge=curl&source=gbs_api
Siddhartha,Hermann Hesse,1922,6,Literature & Poetry,3,Existential Literature,5,To Read,,,9780486114811,http://books.google.com/books/content?id=pq_CAgAAQBAJ&printsec=frontcover&img=1&zoom=1&fife=w800&edge=curl&source=gbs_api
Feline Philosophy: Cats and the Meaning of Life,John Gray,2020,6,Literature & Poetry,3,Existential Literature,6,To Read,,,9780374718794,http://books.google.com/books/content?id=ViHQDwAAQBAJ&printsec=frontcover&img=1&zoom=1&fife=w800&edge=curl&source=gbs_api
Clutch,Emily Nemens,2026,6,Literature & Poetry,3,Existential Literature,7,To Read,,,9781963108750,http://books.google.com/books/content?id=MzyCEQAAQBAJ&printsec=frontcover&img=1&zoom=1&fife=w800&source=gbs_api
Sum: Forty Tales from the Afterlives,David Eagleman,2009,6,Literature & Poetry,3,Existential Literature,8,To Read,,,9780307378026,http://books.google.com/books/content?id=-cjWiI8DEywC&printsec=frontcover&img=1&zoom=1&fife=w800&edge=curl&source=gbs_api
黑日,韓麗珠,,6,Literature & Poetry,3,Existential Literature,9,To Read,,,9789869643597,http://books.google.com/books/content?id=6WhiEAAAQBAJ&printsec=frontcover&img=1&zoom=1&fife=w800&edge=curl&source=gbs_api
All About Love: New Visions,bell hooks,2000,6,Literature & Poetry,4,"Love, Connection, and Human Relationships",1,To Read,,,9780060959470,http://books.google.com/books/content?id=MYim_gaQC2gC&printsec=frontcover&img=1&zoom=1&fife=w800&source=gbs_api
The Art of Loving,Erich Fromm,1956,6,Literature & Poetry,4,"Love, Connection, and Human Relationships",2,To Read,,,9781537705392,http://books.google.com/books/content?id=LlKZswEACAAJ&printsec=frontcover&img=1&zoom=1&fife=w800&source=gbs_api
Love Is Never Enough: How Couples Can Overcome Misunderstandings,Aaron T. Beck,1988,6,Literature & Poetry,4,"Love, Connection, and Human Relationships",3,To Read,,,9780060916046,http://books.google.com/books/content?id=9dSMzQEACAAJ&printsec=frontcover&img=1&zoom=1&fife=w800&source=gbs_api
Twenty Love Poems and a Song of Despair,Pablo Neruda,1924,6,Literature & Poetry,4,"Love, Connection, and Human Relationships",4,To Read,,,9781633300125,
Milk and Honey,Rupi Kaur,2014,6,Literature & Poetry,4,"Love, Connection, and Human Relationships",5,To Read,,,9781449483135,http://books.google.com/books/content?id=s2B9swEACAAJ&printsec=frontcover&img=1&zoom=1&fife=w800&source=gbs_api
Intermezzo,Sally Rooney,2024,6,Literature & Poetry,4,"Love, Connection, and Human Relationships",6,To Read,,,9780735281820,http://books.google.com/books/content?id=ifn3EAAAQBAJ&printsec=frontcover&img=1&zoom=1&fife=w800&edge=curl&source=gbs_api
Big Swiss,Jen Beagin,2023,6,Literature & Poetry,4,"Love, Connection, and Human Relationships",7,To Read,,,9781982153083,http://books.google.com/books/content?id=y6umEAAAQBAJ&printsec=frontcover&img=1&zoom=1&fife=w800&edge=curl&source=gbs_api
Martyr!,Kaveh Akbar,2024,6,Literature & Poetry,4,"Love, Connection, and Human Relationships",8,To Read,,,9780593537626,http://books.google.com/books/content?id=uRC7EAAAQBAJ&printsec=frontcover&img=1&zoom=1&fife=w800&edge=curl&source=gbs_api
Open Wide: A Novel,Jessica Gross,2025,6,Literature & Poetry,4,"Love, Connection, and Human Relationships",9,To Read,,,9798887075365,http://books.google.com/books/content?id=DydGEQAAQBAJ&printsec=frontcover&img=1&zoom=1&fife=w800&source=gbs_api
Kitchen Table Wisdom: Stories That Heal,Rachel Naomi Remen,1996,6,Literature & Poetry,4,"Love, Connection, and Human Relationships",10,To Read,,,9780783893402,
Maybe You Should Talk to Someone,Lori Gottlieb,2019,6,Literature & Poetry,4,"Love, Connection, and Human Relationships",11,To Read,,,9781328662057,http://books.google.com/books/content?id=ATKQDwAAQBAJ&printsec=frontcover&img=1&zoom=1&fife=w800&edge=curl&source=gbs_api
Stories of Your Life and Others,Ted Chiang,2002,6,Literature & Poetry,5,"Science Fiction, Time, and Alternative Human Possibilities",1,To Read,,,9781931520898,http://books.google.com/books/content?id=WTBA-wzX7cwC&printsec=frontcover&img=1&zoom=1&fife=w800&edge=curl&source=gbs_api
This Is How You Lose the Time War,Amal El-Mohtar & Max Gladstone,2019,6,Literature & Poetry,5,"Science Fiction, Time, and Alternative Human Possibilities",2,To Read,,,9781529405248,http://books.google.com/books/content?id=MLiXDwAAQBAJ&printsec=frontcover&img=1&zoom=1&fife=w800&edge=curl&source=gbs_api
Dune,Frank Herbert,1965,6,Literature & Poetry,5,"Science Fiction, Time, and Alternative Human Possibilities",3,To Read,,,9788498006117,http://books.google.com/books/content?id=JhJ7cgAACAAJ&printsec=frontcover&img=1&zoom=1&fife=w800&source=gbs_api
Neuromancer,William Gibson,1984,6,Literature & Poetry,5,"Science Fiction, Time, and Alternative Human Possibilities",4,To Read,,,9781101146460,http://books.google.com/books/content?id=Bd_UZAdvUDIC&printsec=frontcover&img=1&zoom=1&fife=w800&edge=curl&source=gbs_api
Necromancer,Gordon R. Dickson,1962,6,Literature & Poetry,5,"Science Fiction, Time, and Alternative Human Possibilities",5,To Read,,,9780722129760,
Project Hail Mary,Andy Weir,2021,6,Literature & Poetry,5,"Science Fiction, Time, and Alternative Human Possibilities",6,To Read,,,9798217299461,http://books.google.com/books/content?id=CnSJEQAAQBAJ&printsec=frontcover&img=1&zoom=1&fife=w800&edge=curl&source=gbs_api
Arrival (Stories of Your Life and Others),Ted Chiang,2002,6,Literature & Poetry,5,"Science Fiction, Time, and Alternative Human Possibilities",7,To Read,,,9781931520898,http://books.google.com/books/content?id=WTBA-wzX7cwC&printsec=frontcover&img=1&zoom=1&fife=w800&edge=curl&source=gbs_api
Angel Down,Daniel Kraus,2025,6,Literature & Poetry,6,Poetry and Literary Fragments,1,To Read,,,9781668068519,http://books.google.com/books/content?id=Tb3VEQAAQBAJ&printsec=frontcover&img=1&zoom=1&fife=w800&edge=curl&source=gbs_api
Newspaper Blackout,Austin Kleon,2010,6,Literature & Poetry,6,Poetry and Literary Fragments,2,To Read,,,9780061989940,http://books.google.com/books/content?id=4W7TAgAAQBAJ&printsec=frontcover&img=1&zoom=1&fife=w800&edge=curl&source=gbs_api
The Universe in Verse: 15 Portals to Wonder through Science & Poetry,Maria Popova,2022,6,Literature & Poetry,6,Poetry and Literary Fragments,3,To Read,,,9781635868845,http://books.google.com/books/content?id=pMTyEAAAQBAJ&printsec=frontcover&img=1&zoom=1&fife=w800&edge=curl&source=gbs_api
Bad Handwriting,Sara Mesa,2016,6,Literature & Poetry,6,Poetry and Literary Fragments,4,To Read,,2016 Spanish original / 2022 English translation,9781948830553,http://books.google.com/books/content?id=uq2KzgEACAAJ&printsec=frontcover&img=1&zoom=1&fife=w800&source=gbs_api
Songs of No Provenance,Lydi Conklin,2025,6,Literature & Poetry,6,Poetry and Literary Fragments,5,To Read,,,9781529934984,http://books.google.com/books/content?id=AAYpEQAAQBAJ&printsec=frontcover&img=1&zoom=1&fife=w800&edge=curl&source=gbs_api
拾香紀・焚香紀,陳慧,,6,Literature & Poetry,6,Poetry and Literary Fragments,6,To Read,,,9786263145375,http://books.google.com/books/content?id=Cl_rEAAAQBAJ&printsec=frontcover&img=1&zoom=1&fife=w800&edge=curl&source=gbs_api
"Dilla Time: The Life and Afterlife of J Dilla, the Hip-Hop Producer Who Reinvented Rhythm",Dan Charnas,2022,6,Literature & Poetry,7,Creative Lives and Artists,1,To Read,,,9780374721657,http://books.google.com/books/content?id=SBEqEAAAQBAJ&printsec=frontcover&img=1&zoom=1&fife=w800&edge=curl&source=gbs_api
The Artist's Way,Julia Cameron,1992,6,Literature & Poetry,7,Creative Lives and Artists,2,To Read,,,9780874776942,http://books.google.com/books/content?id=ltjmwAEACAAJ&printsec=frontcover&img=1&zoom=1&fife=w800&source=gbs_api
The Creative Act: A Way of Being,Rick Rubin,2023,6,Literature & Poetry,7,Creative Lives and Artists,3,To Read,,,9780593653425,http://books.google.com/books/content?id=jW5tEAAAQBAJ&printsec=frontcover&img=1&zoom=1&fife=w800&edge=curl&source=gbs_api
How Music Works,David Byrne,2012,6,Literature & Poetry,7,Creative Lives and Artists,4,To Read,,,9780857862518,http://books.google.com/books/content?id=d22UqerzutgC&printsec=frontcover&img=1&zoom=1&fife=w800&edge=curl&source=gbs_api
The Music Lesson,Victor Wooten,2006,6,Literature & Poetry,7,Creative Lives and Artists,5,To Read,,,9780978582104,
The War of Art: Winning the Inner Creative Battle,Steven Pressfield,2002,6,Literature & Poetry,7,Creative Lives and Artists,6,To Read,,,,
關於跑步，我說的其實是,Haruki Murakami,2007,6,Literature & Poetry,7,Creative Lives and Artists,7,To Read,,What I Talk About When I Talk About Running,9789571349367,http://books.google.com/books/content?id=f2VmPgAACAAJ&printsec=frontcover&img=1&zoom=1&fife=w800&source=gbs_api
Ikigai: The Japanese Secret to a Long and Happy Life,Héctor García & Francesc Miralles,2016,6,Literature & Poetry,7,Creative Lives and Artists,8,To Read,,,9781524704551,http://books.google.com/books/content?id=4UCnDQAAQBAJ&printsec=frontcover&img=1&zoom=1&fife=w800&edge=curl&source=gbs_api
Seven Brief Lessons on Physics,Carlo Rovelli,2014,7,The World,1,Physical Reality,1,To Read,,,9780241235973,http://books.google.com/books/content?id=wU_ZCQAAQBAJ&printsec=frontcover&img=1&zoom=1&fife=w800&edge=curl&source=gbs_api
The Order of Time,Carlo Rovelli,2018,7,The World,1,Physical Reality,2,To Read,,,9780735216129,http://books.google.com/books/content?id=YvM3DwAAQBAJ&printsec=frontcover&img=1&zoom=1&fife=w800&edge=curl&source=gbs_api
The Presentation of Self in Everyday Life,Erving Goffman,1956,7,The World,2,Social Reality,1,To Read,,,9780593468296,http://books.google.com/books/content?id=TSk_EAAAQBAJ&printsec=frontcover&img=1&zoom=1&fife=w800&edge=curl&source=gbs_api
Seeing Like a State,James C. Scott,1998,7,The World,3,Civilization & Systems,1,To Read,,,9780300246759,http://books.google.com/books/content?id=Qe_RDwAAQBAJ&printsec=frontcover&img=1&zoom=1&fife=w800&edge=curl&source=gbs_api
The Dawn of Everything,David Graeber & David Wengrow,2021,7,The World,3,Civilization & Systems,2,To Read,,,9780241402450,http://books.google.com/books/content?id=X8gZEAAAQBAJ&printsec=frontcover&img=1&zoom=1&fife=w800&edge=curl&source=gbs_api
How Infrastructure Works: Inside the Systems That Shape Our World,Deb Chachra,2023,7,The World,3,Civilization & Systems,3,To Read,,,9780593086612,http://books.google.com/books/content?id=k8yrEAAAQBAJ&printsec=frontcover&img=1&zoom=1&fife=w800&edge=curl&source=gbs_api
Liquid Modernity,Zygmunt Bauman,2000,7,The World,4,Modernity,1,To Read,,,9780745657011,http://books.google.com/books/content?id=xZ0RAAAAQBAJ&printsec=frontcover&img=1&zoom=1&fife=w800&edge=curl&source=gbs_api
The Age of Surveillance Capitalism,Shoshana Zuboff,2019,7,The World,4,Modernity,2,To Read,,,9781610395700,http://books.google.com/books/content?id=MJ5ADwAAQBAJ&printsec=frontcover&img=1&zoom=1&fife=w800&edge=curl&source=gbs_api