Title,Author,Volume Number,Volume Name,Stage Number,Stage Name,Reading Order,Year,Status,Engine,Cover URL,ISBN,Notes
Theft by Finding: Diaries (1977-2002),David Sedaris,6,Literature & Poetry,8,"Memoir, Essays, and Storytelling",5,,To Read,None,http://books.google.com/books/content?id=GAcvDQAAQBAJ&printsec=frontcover&img=1&zoom=1&fife=w800&edge=curl&source=gbs_api,,
Calypso,David Sedaris,6,Literature & Poetry,8,"Memoir, Essays, and Storytelling",4,2018,To Read,None,http://books.google.com/books/content?id=CDdIDwAAQBAJ&printsec=frontcover&img=1&zoom=1&fife=w800&edge=curl&source=gbs_api,,
Dress Your Family in Corduroy and Denim,David Sedaris,6,Literature & Poetry,8,"Memoir, Essays, and Storytelling",3,2004,To Read,None,http://books.google.com/books/content?id=h2lKPwAACAAJ&printsec=frontcover&img=1&zoom=1&fife=w800&edge=curl&source=gbs_api,,
Me Talk Pretty One Day,David Sedaris,6,Literature & Poetry,8,"Memoir, Essays, and Storytelling",2,2000,To Read,None,http://books.google.com/books/content?id=PO6jtAEACAAJ&printsec=frontcover&img=1&zoom=1&fife=w800&edge=curl&source=gbs_api,,
Story Behind: The Extraordinary History Behind Ordinary Objects,Emily Prokop,6,Literature & Poetry,8,"Memoir, Essays, and Storytelling",1,2018,To Read,None,http://books.google.com/books/content?id=8mxuDwAAQBAJ&printsec=frontcover&img=1&zoom=1&fife=w800&edge=curl&source=gbs_api,9781633538290,
佛教入門,聖嚴法師,1,The Contemplative,1,Foundations,1,1996,To Read,None,http://books.google.com/books/content?id=BbuHEAAAQBAJ&printsec=frontcover&img=1&zoom=1&fife=w800&fife=w800&edge=curl&source=gbs_api,9789575987114,
正信的佛教,聖嚴法師,1,The Contemplative,1,Foundations,2,1965,To Read,None,http://books.google.com/books/content?id=cf5AEAAAQBAJ&printsec=frontcover&img=1&zoom=1&fife=w800&fife=w800&edge=curl&source=gbs_api,,
佛法概論,印順法師,1,The Contemplative,1,Foundations,3,1950,To Read,None,https://www.ddc.com.tw/image/product/2004/06/source/59-photo-1718165934.jpg,9787101074796,
成佛之道（增注本）,印順法師,1,The Contemplative,1,Foundations,4,1950,To Read,None,https://theregentstore.com/public/products/chinese/3512000001123881001.jpg,9786269652891,
"Wherever You Go, There You Are: Mindfulness Meditation in Everyday Life",Jon Kabat-Zinn,1,The Contemplative,1,Foundations,5,1994,To Read,Engine 3: Exploration,http://books.google.com/books/content?id=cVCZAAAAQBAJ&printsec=frontcover&img=1&zoom=1&fife=w800&fife=w800&edge=curl&source=gbs_api,9781401394677,
禪修：自我探索之旅,Godwin Samararatne,1,The Contemplative,2,Meditation and Transformation,1,1999,To Read,None,https://www.godwin.org.hk/images/godwin_1996.jpg,9789626441206,
坐禪的功能（增訂版）,聖嚴法師,1,The Contemplative,2,Meditation and Transformation,2,,To Read,None,http://books.google.com/books/content?id=fNT7AwAAQBAJ&printsec=frontcover&img=1&zoom=1&fife=w800&edge=curl&source=gbs_api,9789867033857,
和好：療癒你的內在小孩,一行禪師,1,The Contemplative,2,Meditation and Transformation,3,,To Read,None,http://books.google.com/books/content?id=O6nEEAAAQBAJ&printsec=frontcover&img=1&zoom=1&fife=w800&edge=curl&source=gbs_api,9786269648337,
擁抱禪，重新開始：療癒關係的正念修習四部曲,真空法師,1,The Contemplative,2,Meditation and Transformation,4,,To Read,None,https://plumvillage.org/wp-content/uploads/2020/09/%E6%93%81%E6%8A%B1%E7%A6%AA-%E5%85%A8%E6%9B%B8%E5%B0%81-05.jpg,9789869894524,
諦聽與愛語：一行禪師談正念溝通的藝術,一行禪師,1,The Contemplative,2,Meditation and Transformation,5,,To Read,None,http://books.google.com/books/content?id=3zVjEAAAQBAJ&printsec=frontcover&img=1&zoom=1&fife=w800&edge=curl&source=gbs_api,9789862725429,
阿贊耀－鬆入式禪法,阿贊耀,1,The Contemplative,2,Meditation and Transformation,6,,To Read,None,,9789570510270,
以禪心過好生活,聖嚴法師,1,The Contemplative,2,Meditation and Transformation,7,,To Read,None,http://books.google.com/books/content?id=xtT7AwAAQBAJ&printsec=frontcover&img=1&zoom=1&fife=w800&edge=curl&source=gbs_api,9789866443572,
樂在工作好禪修,聖嚴法師,1,The Contemplative,2,Meditation and Transformation,8,,To Read,None,,9786267804346,
樂活紓壓禪,聖嚴法師,1,The Contemplative,2,Meditation and Transformation,9,,To Read,None,http://books.google.com/books/content?id=cdmDCgAAQBAJ&printsec=frontcover&img=1&zoom=1&fife=w800&edge=curl&source=gbs_api,,
生活處處皆是禪,聖嚴法師,1,The Contemplative,2,Meditation and Transformation,10,,To Read,None,http://books.google.com/books/content?id=lJdDCwAAQBAJ&printsec=frontcover&img=1&zoom=1&fife=w800&edge=curl&source=gbs_api,,
禪．住身心──安頓身心十要,聖嚴法師,1,The Contemplative,2,Meditation and Transformation,11,,To Read,None,,9786267345733,
禪．悅人生──樂活人生十要,聖嚴法師,1,The Contemplative,2,Meditation and Transformation,12,,To Read,None,,9789866443954,
禪．離我執──放下執著十要,聖嚴法師,1,The Contemplative,2,Meditation and Transformation,13,,To Read,None,http://books.google.com/books/content?id=ezY_EQAAQBAJ&printsec=frontcover&img=1&zoom=1&fife=w800&edge=curl&source=gbs_api,9789860842340,
般若思想,平川彰、梶山雄一等編,1,The Contemplative,3,"Prajna, Self, and Consciousness",1,1983,To Read,None,https://www.cosmosbooks.com.hk/image/cache/book_image/other/9785553880088-550x550h.jpg,,
能斷金剛般若波羅蜜多經纂釋講記,羅時憲,1,The Contemplative,3,"Prajna, Self, and Consciousness",2,,To Read,None,https://encrypted-tbn0.gstatic.com/images?q=tbn:ANd9GcQqMCCaNxD6B6ZKucW7hHkfwYDWHQHIWNZbpZup_Y3y5w&s,,
唯識方隅講記,羅時憲,1,The Contemplative,3,"Prajna, Self, and Consciousness",3,1983,To Read,None,https://www.dhalbi.org/wp-content/uploads/2020/10/wzfy_cover-218x300.jpg,,
佛學研究初探,高永霄,1,The Contemplative,3,"Prajna, Self, and Consciousness",4,,To Read,None,,9786267511886,
Good Question Good Answer,Bhikkhu Dhammika,1,The Contemplative,3,"Prajna, Self, and Consciousness",5,1987,To Read,None,https://encrypted-tbn0.gstatic.com/images?q=tbn:ANd9GcR8Eg_JKygy9Ekwms5aGu3tHKno7Hh2Gl2hEFtlfaCMz4CvQ934aaDZ8DI&s=10,9781614294542,
學佛群疑,聖嚴法師,1,The Contemplative,3,"Prajna, Self, and Consciousness",6,1996,To Read,None,http://books.google.com/books/content?id=w5d-EAAAQBAJ&printsec=frontcover&img=1&zoom=1&fife=w800&edge=curl&source=gbs_api,9789575986964,
Selected Writings of Pierre Hadot - Philosophy as Practice,Pierre Hadot,1,The Contemplative,3,"Prajna, Self, and Consciousness",7,,To Read,None,http://books.google.com/books/content?id=z-7gDwAAQBAJ&printsec=frontcover&img=1&zoom=1&fife=w800&edge=curl&source=gbs_api,9781474273015,
The Tibetan Book of Living and Dying,Sogyal Rinpoche,1,The Contemplative,4,Tibetan Buddhism and Death,1,1992,To Read,None,http://books.google.com/books/content?id=yzgrS5Q5IpsC&printsec=frontcover&img=1&zoom=1&fife=w800&edge=curl&source=gbs_api,9780061800344,
西藏生死書,索甲仁波切 / Sogyal Rinpoche,1,The Contemplative,4,Tibetan Buddhism and Death,2,,To Read,None,,9787500424956,
世界上最快樂的人,明就仁波切,1,The Contemplative,4,Tibetan Buddhism and Death,3,2003,To Read,None,https://encrypted-tbn0.gstatic.com/images?q=tbn:ANd9GcSe-_Uy1M-PovtnV2cmDrvBOCBwmb5Gd3JNSz56-ROyn5xoNROD7c0I8hk&s=10,9789864596461,
"Altered Traits: Science Reveals How Meditation Changes Your Mind, Brain, and Body",Daniel Goleman & Richard J. Davidson,1,The Contemplative,5,Science and Meditation,1,2017,To Read,None,http://books.google.com/books/content?id=e8IPDgAAQBAJ&printsec=frontcover&img=1&zoom=1&fife=w800&edge=curl&source=gbs_api,9780399184406,
Why We Meditate: The Science and Practice of Clarity and Compassion,Yongey Mingyur Rinpoche & Erika Rosenberg,1,The Contemplative,5,Science and Meditation,2,2022,To Read,None,http://books.google.com/books/content?id=73kyEQAAQBAJ&printsec=frontcover&img=1&zoom=1&fife=w800&edge=curl&source=gbs_api,9781982178468,
The Hidden Spring: A Journey to the Source of Consciousness,Mark Solms,1,The Contemplative,5,Science and Meditation,3,2021,To Read,None,http://books.google.com/books/content?id=v4T2DwAAQBAJ&printsec=frontcover&img=1&zoom=1&fife=w800&edge=curl&source=gbs_api,9781782835714,
Conscious: A Brief Guide to the Fundamental Mystery of the Mind,Annaka Harris,1,The Contemplative,5,Science and Meditation,4,2019,To Read,None,http://books.google.com/books/content?id=n6JrDwAAQBAJ&printsec=frontcover&img=1&zoom=1&fife=w800&edge=curl&source=gbs_api,9780062906731,
Letters on Ethics: To Lucilius,Seneca,1,The Contemplative,6,Stoic Practice,1,65 CE,To Read,None,http://books.google.com/books/content?id=AJMpCwAAQBAJ&printsec=frontcover&img=1&zoom=1&fife=w800&edge=curl&source=gbs_api,9780226265179,
Seneca: Hardship and Happiness,Seneca,1,The Contemplative,6,Stoic Practice,2,1st Century CE,To Read,None,http://books.google.com/books/content?id=bgjGAgAAQBAJ&printsec=frontcover&img=1&zoom=1&fife=w800&edge=curl&source=gbs_api,9780226108353,
The Daily Stoic,Ryan Holiday & Stephen Hanselman,1,The Contemplative,6,Stoic Practice,3,2016,To Read,None,http://books.google.com/books/content?id=TR2MDAAAQBAJ&printsec=frontcover&img=1&zoom=1&fife=w800&edge=curl&source=gbs_api,9780735211742,
Ways of Seeing,John Berger,2,The Observer,1,Learning to See,1,1972,To Read,None,http://books.google.com/books/content?id=VuSPEAAAQBAJ&printsec=frontcover&img=1&zoom=1&fife=w800&source=gbs_api,9780140135152,
The Art of Noticing,Rob Walker,2,The Observer,1,Learning to See,2,2019,To Read,None,http://books.google.com/books/content?id=poaJDwAAQBAJ&printsec=frontcover&img=1&zoom=1&fife=w800&edge=curl&source=gbs_api,9781473568075,
Bento's Sketchbook,John Berger,2,The Observer,1,Learning to See,3,2011,To Read,None,http://books.google.com/books/content?id=Y2NBcaTZH6MC&printsec=frontcover&img=1&zoom=1&fife=w800&edge=curl&source=gbs_api,9780307906922,
The Gifts of Reading,Robert Macfarlane,2,The Observer,1,Learning to See,4,2017,To Read,None,http://books.google.com/books/content?id=tibCDwAAQBAJ&printsec=frontcover&img=1&zoom=1&fife=w800&edge=curl&source=gbs_api,9781474615693,
Notes on the Synthesis of Form,Christopher Alexander,2,The Observer,2,"Space, Objects, and Form",1,1964,To Read,None,http://books.google.com/books/content?id=5gcPEAAAQBAJ&printsec=frontcover&img=1&zoom=1&fife=w800&edge=curl&source=gbs_api,9780674251915,
The Craftsman,Richard Sennett,2,The Observer,2,"Space, Objects, and Form",2,2008,To Read,None,http://books.google.com/books/content?id=LmtQAQAACAAJ&printsec=frontcover&img=1&zoom=1&fife=w800&source=gbs_api,9780300151190,
The Coffee Book,Anette Moldvaer,2,The Observer,2,"Space, Objects, and Form",3,,To Read,None,http://books.google.com/books/content?id=B8oiEAAAQBAJ&printsec=frontcover&img=1&zoom=1&fife=w800&edge=curl&source=gbs_api,9780744051018,
How to Do Nothing: Resisting the Attention Economy,Jenny Odell,2,The Observer,3,Attention and Presence,1,2019,Reading,Engine 1: Deep Focus,http://books.google.com/books/content?id=OMBkDwAAQBAJ&printsec=frontcover&img=1&zoom=1&fife=w800&edge=curl&source=gbs_api,9781612197500,
A Field Guide to Getting Lost,Rebecca Solnit,2,The Observer,3,Attention and Presence,2,2005,To Read,None,http://books.google.com/books/content?id=mgK5EdIQDL4C&printsec=frontcover&img=1&zoom=1&fife=w800&edge=curl&source=gbs_api,9781101118719,
Do Pause: You Are Not a To Do List,Robert Poynton,2,The Observer,3,Attention and Presence,3,2019,To Read,None,http://books.google.com/books/content?id=mReMuwEACAAJ&printsec=frontcover&img=1&zoom=1&fife=w800&source=gbs_api,9781907974632,
"Do Breathe: Calm Your Mind, Find Focus, Get Stuff Done",Michael Townsend Williams,2,The Observer,3,Attention and Presence,4,2017,To Read,None,http://books.google.com/books/content?id=IJsGogEACAAJ&printsec=frontcover&img=1&zoom=1&fife=w800&source=gbs_api,9781907974229,
Moments of Mindfulness: Daily Inspiration,Thich Nhat Hanh,2,The Observer,3,Attention and Presence,5,2013,To Read,None,http://books.google.com/books/content?id=DO7kAgAAQBAJ&printsec=frontcover&img=1&zoom=1&fife=w800&edge=curl&source=gbs_api,9781937006501,
The Creative Act: A Way of Being,Rick Rubin,2,The Observer,4,Creativity as a Way of Seeing,1,2023,To Read,None,http://books.google.com/books/content?id=jW5tEAAAQBAJ&printsec=frontcover&img=1&zoom=1&fife=w800&edge=curl&source=gbs_api,9781838858643,
Steal Like an Artist,Austin Kleon,2,The Observer,4,Creativity as a Way of Seeing,2,2012,To Read,None,http://books.google.com/books/content?id=73WqCgAAQBAJ&printsec=frontcover&img=1&zoom=1&fife=w800&edge=curl&source=gbs_api,9786021606810,
Keep Going: 10 Ways to Stay Creative in Good Times and Bad,Austin Kleon,2,The Observer,4,Creativity as a Way of Seeing,3,2019,To Read,None,http://books.google.com/books/content?id=gZ94EAAAQBAJ&printsec=frontcover&img=1&zoom=1&fife=w800&edge=curl&source=gbs_api,9781523507863,
Make Your Art No Matter What: Moving Beyond Creative Hurdles,Beth Pickens,2,The Observer,4,Creativity as a Way of Seeing,4,2021,To Read,None,http://books.google.com/books/content?id=W-oSEAAAQBAJ&printsec=frontcover&img=1&zoom=1&fife=w800&edge=curl&source=gbs_api,9781452184159,
It's Never Too Late to Begin Again,Julia Cameron,2,The Observer,4,Creativity as a Way of Seeing,5,2016,To Read,None,http://books.google.com/books/content?id=zjhDCgAAQBAJ&printsec=frontcover&img=1&zoom=1&fife=w800&edge=curl&source=gbs_api,9781101983546,
Daily Rituals: How Artists Work,Mason Currey,2,The Observer,4,Creativity as a Way of Seeing,6,2013,To Read,None,http://books.google.com/books/content?id=-tTCEHNt_R8C&printsec=frontcover&img=1&zoom=1&fife=w800&edge=curl&source=gbs_api,9780307962379,
"Play: How It Shapes the Brain, Opens the Imagination, and Invigorates the Soul",Stuart Brown & Christopher Vaughan,2,The Observer,4,Creativity as a Way of Seeing,7,2009,To Read,None,http://books.google.com/books/content?id=ESQDsgqfgusC&printsec=frontcover&img=1&zoom=1&fife=w800&source=gbs_api,9781583333334,
Metaphors We Live By,George Lakoff & Mark Johnson,2,The Observer,5,"Perception, Meaning, and Representation",1,1980,To Read,None,http://books.google.com/books/content?id=r6nOYYtxzUoC&printsec=frontcover&img=1&zoom=1&fife=w800&edge=curl&source=gbs_api,9780226470993,
How to Fall in Love with Questions: A New Way to Think About Everything,Elizabeth Weingarten,2,The Observer,5,"Perception, Meaning, and Representation",2,2023,To Read,None,http://books.google.com/books/content?id=dnh80QEACAAJ&printsec=frontcover&img=1&zoom=1&fife=w800&source=gbs_api,9780063335158,
The Poetics of Space,Gaston Bachelard,2,The Observer,5,"Perception, Meaning, and Representation",3,1958,To Read,None,http://books.google.com/books/content?id=tN3bAwAAQBAJ&printsec=frontcover&img=1&zoom=1&fife=w800&edge=curl&source=gbs_api,9780698170438,
The World of Perception,Maurice Merleau-Ponty,2,The Observer,5,"Perception, Meaning, and Representation",4,2004,To Read,None,http://books.google.com/books/content?id=oZF_AgAAQBAJ&printsec=frontcover&img=1&zoom=1&fife=w800&edge=curl&source=gbs_api,9781134381968,
The Design of Everyday Things: Revised and Expanded Edition,Don Norman,3,The Designer,1,Foundations of Human-Centered Design,1,2013,To Read,None,http://books.google.com/books/content?id=nVQPAAAAQBAJ&printsec=frontcover&img=1&zoom=1&fife=w800&edge=curl&source=gbs_api,9780465072996,
The Humane Interface: New Directions for Designing Interactive Systems,Jef Raskin,3,The Designer,1,Foundations of Human-Centered Design,2,2000,To Read,None,http://books.google.com/books/content?id=D39vjmLfO3kC&printsec=frontcover&img=1&zoom=1&fife=w800&edge=curl&source=gbs_api,9780471125716,
100 Things Every Designer Needs to Know About People,Susan Weinschenk,3,The Designer,1,Foundations of Human-Centered Design,3,2011,To Read,None,http://books.google.com/books/content?id=yODWdMUhkFwC&printsec=frontcover&img=1&zoom=1&fife=w800&edge=curl&source=gbs_api,9780132658607,
100 More Things Every Designer Needs to Know About People,Susan Weinschenk,3,The Designer,1,Foundations of Human-Centered Design,4,2020,To Read,None,,9780134196121,
Metaphors We Live By,George Lakoff & Mark Johnson,3,The Designer,1,Foundations of Human-Centered Design,5,1980,To Read,None,http://books.google.com/books/content?id=r6nOYYtxzUoC&printsec=frontcover&img=1&zoom=1&fife=w800&edge=curl&source=gbs_api,9780226470993,
Notes on the Synthesis of Form,Christopher Alexander,3,The Designer,2,Design Philosophy and Form,1,1964,To Read,None,http://books.google.com/books/content?id=5gcPEAAAQBAJ&printsec=frontcover&img=1&zoom=1&fife=w800&edge=curl&source=gbs_api,9780674251915,
The Shape of Design,Frank Chimero,3,The Designer,2,Design Philosophy and Form,2,2012,To Read,None,,9780985472207,
The Design Method: A Philosophy and Process for Functional Visual Communication,Eric Karjaluoto,3,The Designer,2,Design Philosophy and Form,3,2013,To Read,None,http://books.google.com/books/content?id=DfBdAAAAQBAJ&printsec=frontcover&img=1&zoom=1&fife=w800&edge=curl&source=gbs_api,9780133438949,
The Future of Design,Lorraine Justice,3,The Designer,2,Design Philosophy and Form,4,2019,To Read,None,http://books.google.com/books/content?id=e91bDwAAQBAJ&printsec=frontcover&img=1&zoom=1&fife=w800&edge=curl&source=gbs_api,9781473684683,
Why Design Matters: Conversations with the World's Most Creative People,Debbie Millman,3,The Designer,2,Design Philosophy and Form,5,2022,To Read,None,http://books.google.com/books/content?id=PAEXEAAAQBAJ&printsec=frontcover&img=1&zoom=1&fife=w800&edge=curl&source=gbs_api,9780062872982,
Build: An Unorthodox Guide to Making Things Worth Making,Tony Fadell,3,The Designer,3,Product Design and Building,1,2022,To Read,None,http://books.google.com/books/content?id=L7dQEAAAQBAJ&printsec=frontcover&img=1&zoom=1&fife=w800&edge=curl&source=gbs_api,9781473584136,
Creative Selection: Inside Apple's Design Process During the Golden Age of Steve Jobs,Ken Kocienda,3,The Designer,3,Product Design and Building,2,2018,To Read,None,http://books.google.com/books/content?id=nntJDwAAQBAJ&printsec=frontcover&img=1&zoom=1&fife=w800&edge=curl&source=gbs_api,9781250194473,
Make Something Wonderful: Steve Jobs in His Own Words,Steve Jobs,3,The Designer,3,Product Design and Building,3,2023,To Read,None,https://novelinvestor.com/wp-content/uploads/2023/09/make-something-wonderful-cover.png,9798993983806,
Sprint: How to Solve Big Problems and Test New Ideas in Just Five Days,"Jake Knapp, John Zeratsky & Braden Kowitz",3,The Designer,3,Product Design and Building,4,2016,To Read,None,http://books.google.com/books/content?id=QupUDgAAQBAJ&printsec=frontcover&img=1&zoom=1&fife=w800&edge=curl&source=gbs_api,9786022912897,
When Coffee and Kale Compete: Become Great at Making Products People Will Buy,Alan Klement,3,The Designer,3,Product Design and Building,5,2018,To Read,None,http://books.google.com/books/content?id=UwkutQEACAAJ&printsec=frontcover&img=1&zoom=1&fife=w800&source=gbs_api,9781534873063,
Product Management for UX People,Roman Pichler,3,The Designer,3,Product Design and Building,6,,To Read,None,http://books.google.com/books/content?id=LEbYDwAAQBAJ&printsec=frontcover&img=1&zoom=1&fife=w800&edge=curl&source=gbs_api,9781916303027,
Solving Product Design Exercises: Interview Questions & Answers,Artiom Dashinsky,3,The Designer,3,Product Design and Building,7,2021,To Read,None,http://books.google.com/books/content?id=_zhCtAEACAAJ&printsec=frontcover&img=1&zoom=1&fife=w800&source=gbs_api,9781977000422,
8 Step UX Portfolio Blueprint,Sarah Doody,3,The Designer,3,Product Design and Building,8,,To Read,None,,,
UX Portfolio Workshop Action Sheets,Sarah Doody,3,The Designer,3,Product Design and Building,9,,To Read,None,,,
How to Make Sense of Any Mess: Information Architecture for Everybody,Abby Covert,3,The Designer,3,Product Design and Building,10,2014,To Read,None,http://books.google.com/books/content?id=02TgrQEACAAJ&printsec=frontcover&img=1&zoom=1&fife=w800&source=gbs_api,9781500615994,
Press On: Principles of Interaction Programming,Harold Thimbleby,3,The Designer,3,Product Design and Building,11,2007,To Read,None,,,
"Ruined by Design: How Designers Destroyed the World, and What We Can Do to Fix It",Mike Monteiro,3,The Designer,4,Design Ethics and Responsibility,1,2019,To Read,None,http://books.google.com/books/content?id=MbQQ0QEACAAJ&printsec=frontcover&img=1&zoom=1&fife=w800&source=gbs_api,9798989358786,
Mismatch: How Inclusion Shapes Design,Kat Holmes,3,The Designer,4,Design Ethics and Responsibility,2,2018,To Read,None,http://books.google.com/books/content?id=KzNwDwAAQBAJ&printsec=frontcover&img=1&zoom=1&fife=w800&edge=curl&source=gbs_api,9780262349635,
The Best Interface Is No Interface: The Simple Path to Brilliant Technology,Golden Krishna,3,The Designer,4,Design Ethics and Responsibility,3,2015,To Read,None,http://books.google.com/books/content?id=CgR1BgAAQBAJ&printsec=frontcover&img=1&zoom=1&fife=w800&edge=curl&source=gbs_api,9780133890426,
"User Friendly: How the Hidden Rules of Design Are Changing the Way We Live, Work, and Play",Cliff Kuang & Farhad Manjoo,3,The Designer,4,Design Ethics and Responsibility,4,2019,To Read,None,http://books.google.com/books/content?id=qM-QDAAAQBAJ&printsec=frontcover&img=1&zoom=1&fife=w800&source=gbs_api,9780753556641,
"Designing Your Life: How to Build a Well-Lived, Joyful Life",Bill Burnett & Dave Evans,3,The Designer,5,"Design, Work, and Career",1,2016,To Read,None,http://books.google.com/books/content?id=RBeICwAAQBAJ&printsec=frontcover&img=1&zoom=1&fife=w800&source=gbs_api,9781101875339,
Designing Your New Work Life,Bill Burnett & Dave Evans,3,The Designer,5,"Design, Work, and Career",2,2020,To Read,None,http://books.google.com/books/content?id=SNoxEAAAQBAJ&printsec=frontcover&img=1&zoom=1&fife=w800&edge=curl&source=gbs_api,9780593467466,
The First 90 Days: Proven Strategies for Getting Up to Speed Faster and Smarter,Michael D. Watkins,3,The Designer,5,"Design, Work, and Career",3,2003,To Read,None,http://books.google.com/books/content?id=RZjBAgAAQBAJ&printsec=frontcover&img=1&zoom=1&fife=w800&source=gbs_api,9781422188613,
The Making of a Manager: What to Do When Everyone Looks to You,Julie Zhuo,3,The Designer,5,"Design, Work, and Career",4,2019,To Read,None,http://books.google.com/books/content?id=iblMDwAAQBAJ&printsec=frontcover&img=1&zoom=1&fife=w800&edge=curl&source=gbs_api,9780735219571,
The Art of Doing Science and Engineering: Learning to Learn,Richard Hamming,3,The Designer,5,"Design, Work, and Career",5,2020,To Read,None,http://books.google.com/books/content?id=3RjBEAAAQBAJ&printsec=frontcover&img=1&zoom=1&fife=w800&edge=curl&source=gbs_api,9781953953315,
Learning by Heart: Teachings to Free the Creative Spirit,Corita Kent,3,The Designer,5,"Design, Work, and Career",6,2008,To Read,None,http://books.google.com/books/content?id=X7fcwAEACAAJ&printsec=frontcover&img=1&zoom=1&fife=w800&source=gbs_api,9781581156478,
The Almanack of Naval Ravikant,Eric Jorgenson,3,The Designer,5,"Design, Work, and Career",7,2020,Reading,None,http://books.google.com/books/content?id=T0FgEQAAQBAJ&printsec=frontcover&img=1&zoom=1&fife=w800&source=gbs_api,9781544514222,
Culture and Materialism,Raymond Williams,3,The Designer,6,Broader Creative and Cultural Context,1,1980,To Read,None,http://books.google.com/books/content?id=qjf_DwAAQBAJ&printsec=frontcover&img=1&zoom=1&fife=w800&edge=curl&source=gbs_api,9781839763076,
You Are Not a Gadget: A Manifesto,Jaron Lanier,3,The Designer,6,Broader Creative and Cultural Context,2,2010,To Read,None,http://books.google.com/books/content?id=LNan8BNXQjYC&printsec=frontcover&img=1&zoom=1&fife=w800&edge=curl&source=gbs_api,9780141960883,
Make Time: How to Focus on What Matters Every Day,Jake Knapp & John Zeratsky,3,The Designer,6,Broader Creative and Cultural Context,3,2018,To Read,None,http://books.google.com/books/content?id=uimSvwEACAAJ&printsec=frontcover&img=1&zoom=1&fife=w800&source=gbs_api,9781790935840,
The Paradox of Choice: Why More Is Less,Barry Schwartz,3,The Designer,6,Broader Creative and Cultural Context,4,2004,To Read,None,http://books.google.com/books/content?id=g422yyua-P8C&printsec=frontcover&img=1&zoom=1&fife=w800&edge=curl&source=gbs_api,9780061748998,
Think Again: The Power of Knowing What You Don’t Know,Adam Grant,3,The Designer,6,Broader Creative and Cultural Context,5,2021,To Read,None,http://books.google.com/books/content?id=sBb6DwAAQBAJ&printsec=frontcover&img=1&zoom=1&fife=w800&edge=curl&source=gbs_api,9781984878113,
This Is Marketing: You Can't Be Seen Until You Learn to See,Seth Godin,3,The Designer,6,Broader Creative and Cultural Context,6,2018,To Read,None,http://books.google.com/books/content?id=B8JyDwAAQBAJ&printsec=frontcover&img=1&zoom=1&fife=w800&source=gbs_api,9780525540830,
How to Do Nothing: Resisting the Attention Economy,Jenny Odell,4,The Critic of Modernity,1,"Attention, Technology, and the Loss of Agency",1,2019,To Read,None,http://books.google.com/books/content?id=OMBkDwAAQBAJ&printsec=frontcover&img=1&zoom=1&fife=w800&edge=curl&source=gbs_api,9781612197500,
Stand Out of Our Light: Freedom and Resistance in the Attention Economy,James Williams,4,The Critic of Modernity,1,"Attention, Technology, and the Loss of Agency",2,2018,To Read,None,http://books.google.com/books/content?id=88FWDwAAQBAJ&printsec=frontcover&img=1&zoom=1&fife=w800&edge=curl&source=gbs_api,9781108429092,
Stolen Focus: Why You Can’t Pay Attention—and How to Think Deeply Again,Johann Hari,4,The Critic of Modernity,1,"Attention, Technology, and the Loss of Agency",3,2022,To Read,None,http://books.google.com/books/content?id=GVLBEQAAQBAJ&printsec=frontcover&img=1&zoom=1&fife=w800&edge=curl&source=gbs_api,9781038353191,
Ten Arguments for Deleting Your Social Media Accounts Right Now,Jaron Lanier,4,The Critic of Modernity,1,"Attention, Technology, and the Loss of Agency",4,2018,To Read,None,http://books.google.com/books/content?id=NZVJDwAAQBAJ&printsec=frontcover&img=1&zoom=1&fife=w800&edge=curl&source=gbs_api,9781250196699,
The Anxious Generation: How the Great Rewiring of Childhood Is Causing an Epidemic of Mental Illness,Jonathan Haidt,4,The Critic of Modernity,1,"Attention, Technology, and the Loss of Agency",5,2024,To Read,None,http://books.google.com/books/content?id=uCvAEAAAQBAJ&printsec=frontcover&img=1&zoom=1&fife=w800&edge=curl&source=gbs_api,9781802063288,
Dopamine Nation: Finding Balance in the Age of Indulgence,Anna Lembke,4,The Critic of Modernity,1,"Attention, Technology, and the Loss of Agency",6,2021,To Read,None,http://books.google.com/books/content?id=stNDEAAAQBAJ&printsec=frontcover&img=1&zoom=1&fife=w800&edge=curl&source=gbs_api,9780593472866,
"The Four: The Hidden DNA of Amazon, Apple, Facebook, and Google",Scott Galloway,4,The Critic of Modernity,2,Digital Platforms and Technology Critique,1,2017,To Read,None,http://books.google.com/books/content?id=_eTACwAAQBAJ&printsec=frontcover&img=1&zoom=1&fife=w800&edge=curl&source=gbs_api,9781473542105,
You Are Not a Gadget: A Manifesto,Jaron Lanier,4,The Critic of Modernity,2,Digital Platforms and Technology Critique,2,2010,To Read,None,http://books.google.com/books/content?id=LNan8BNXQjYC&printsec=frontcover&img=1&zoom=1&fife=w800&edge=curl&source=gbs_api,9780141960883,
Enshittification: Why Everything Suddenly Got Worse and What to Do About It,Cory Doctorow,4,The Critic of Modernity,2,Digital Platforms and Technology Critique,3,2024,To Read,None,http://books.google.com/books/content?id=eyc4EQAAQBAJ&printsec=frontcover&img=1&zoom=1&fife=w800&edge=curl&source=gbs_api,9780374619336,
"The Scaling Era: An Oral History of AI, 2019–2025",Dwarkesh Patel,4,The Critic of Modernity,2,Digital Platforms and Technology Critique,4,2025,To Read,None,http://books.google.com/books/content?id=AeJPEQAAQBAJ&printsec=frontcover&img=1&zoom=1&fife=w800&edge=curl&source=gbs_api,9781953953568,
Bad Blood: Secrets and Lies in a Silicon Valley Startup,John Carreyrou,4,The Critic of Modernity,2,Digital Platforms and Technology Critique,5,2018,To Read,None,http://books.google.com/books/content?id=CcJFDwAAQBAJ&printsec=frontcover&img=1&zoom=1&fife=w800&edge=curl&source=gbs_api,9781524731663,
Careless People: A Story of Where I Used to Work,Sarah Wynn-Williams,4,The Critic of Modernity,2,Digital Platforms and Technology Critique,6,2025,To Read,None,http://books.google.com/books/content?id=PKlMEQAAQBAJ&printsec=frontcover&img=1&zoom=1&fife=w800&source=gbs_api,9781761771446,
Bullshit Jobs: A Theory,David Graeber,4,The Critic of Modernity,3,"Work, Labor, and Meaning",1,2018,To Read,None,http://books.google.com/books/content?id=co2RDwAAQBAJ&printsec=frontcover&img=1&zoom=1&fife=w800&edge=curl&source=gbs_api,9781501143335,
Can't Even: How Millennials Became the Burnout Generation,Anne Helen Petersen,4,The Critic of Modernity,3,"Work, Labor, and Meaning",2,2020,To Read,None,http://books.google.com/books/content?id=72oOEAAAQBAJ&printsec=frontcover&img=1&zoom=1&fife=w800&edge=curl&source=gbs_api,9780358561842,
Overtime: Why We Need a Shorter Working Week,Will Stronge & Kyle Lewis,4,The Critic of Modernity,3,"Work, Labor, and Meaning",3,2021,To Read,None,http://books.google.com/books/content?id=YpzJDwAAQBAJ&printsec=frontcover&img=1&zoom=1&fife=w800&edge=curl&source=gbs_api,9781788738705,
Exit Interview: A Memoir,Kristi Coulter,4,The Critic of Modernity,3,"Work, Labor, and Meaning",4,2024,To Read,None,http://books.google.com/books/content?id=hr2iEAAAQBAJ&printsec=frontcover&img=1&zoom=1&fife=w800&edge=curl&source=gbs_api,9780374600914,
Four Thousand Weeks: Time Management for Mortals,Oliver Burkeman,4,The Critic of Modernity,3,"Work, Labor, and Meaning",5,2021,To Read,None,http://books.google.com/books/content?id=WFP2DwAAQBAJ&printsec=frontcover&img=1&zoom=1&fife=w800&edge=curl&source=gbs_api,9780374715243,
The Tyranny of Merit: What’s Become of the Common Good?,Michael J. Sandel,4,The Critic of Modernity,3,"Work, Labor, and Meaning",6,2020,To Read,None,http://books.google.com/books/content?id=QqfIDwAAQBAJ&printsec=frontcover&img=1&zoom=1&fife=w800&edge=curl&source=gbs_api,9780141991184,
The Score: How to Stop Playing Somebody Else’s Game,C. Thi Nguyen,4,The Critic of Modernity,3,"Work, Labor, and Meaning",7,2026,To Read,None,http://books.google.com/books/content?id=TZFVEQAAQBAJ&printsec=frontcover&img=1&zoom=1&fife=w800&edge=curl&source=gbs_api,9780593655658,
One-Dimensional Man: Studies in the Ideology of Advanced Industrial Society,Herbert Marcuse,4,The Critic of Modernity,4,"Society, Ideology, and Modern Life",1,1964,To Read,None,http://books.google.com/books/content?id=E2V6NAEACAAJ&printsec=frontcover&img=1&zoom=1&fife=w800&source=gbs_api,9780415289764,
The Society of the Spectacle,Guy Debord,4,The Critic of Modernity,4,"Society, Ideology, and Modern Life",2,1967,To Read,None,http://books.google.com/books/content?id=NYrsnQEACAAJ&printsec=frontcover&img=1&zoom=1&fife=w800&source=gbs_api,9781907903830,
Capitalist Realism: Is There No Alternative?,Mark Fisher,4,The Critic of Modernity,4,"Society, Ideology, and Modern Life",3,2009,To Read,None,http://books.google.com/books/content?id=QSiUEAAAQBAJ&printsec=frontcover&img=1&zoom=1&fife=w800&edge=curl&source=gbs_api,9781803414317,
Status Anxiety,Alain de Botton,4,The Critic of Modernity,4,"Society, Ideology, and Modern Life",4,2004,To Read,None,http://books.google.com/books/content?id=ONJCDvhUTzIC&printsec=frontcover&img=1&zoom=1&fife=w800&edge=curl&source=gbs_api,9780141930244,
The End of Average: How to Succeed in a World That Values Sameness,Todd Rose,4,The Critic of Modernity,4,"Society, Ideology, and Modern Life",5,2016,To Read,None,http://books.google.com/books/content?id=fovYBQAAQBAJ&printsec=frontcover&img=1&zoom=1&fife=w800&edge=curl&source=gbs_api,9780141980027,
Everything Is F*cked,Mark Manson,4,The Critic of Modernity,4,"Society, Ideology, and Modern Life",6,2019,To Read,None,http://books.google.com/books/content?id=XYdgDwAAQBAJ&printsec=frontcover&img=1&zoom=1&fife=w800&source=gbs_api,9780062956569,
On Tyranny: Twenty Lessons from the Twentieth Century,Timothy Snyder,4,The Critic of Modernity,4,"Society, Ideology, and Modern Life",7,2017,To Read,None,http://books.google.com/books/content?id=3z7cDQAAQBAJ&printsec=frontcover&img=1&zoom=1&fife=w800&edge=curl&source=gbs_api,9780804190121,
Hillbilly Elegy: A Memoir of a Family and Culture in Crisis,J. D. Vance,4,The Critic of Modernity,4,"Society, Ideology, and Modern Life",8,2016,To Read,None,http://books.google.com/books/content?id=bKmpCgAAQBAJ&printsec=frontcover&img=1&zoom=1&fife=w800&edge=curl&source=gbs_api,9780062300560,
The Fountainhead,Ayn Rand,4,The Critic of Modernity,4,"Society, Ideology, and Modern Life",9,1943,To Read,None,http://books.google.com/books/content?id=mcyNEAAAQBAJ&printsec=frontcover&img=1&zoom=1&fife=w800&source=gbs_api,9780451231000,
Sapiens: A Brief History of Humankind,Yuval Noah Harari,4,The Critic of Modernity,4,"Society, Ideology, and Modern Life",10,2011,To Read,None,http://books.google.com/books/content?id=FmyBAwAAQBAJ&printsec=frontcover&img=1&zoom=1&fife=w800&edge=curl&source=gbs_api,9780062316103,
Culture and Materialism,Raymond Williams,4,The Critic of Modernity,5,"Culture, Meaning and Judgment",1,1980,To Read,None,http://books.google.com/books/content?id=qjf_DwAAQBAJ&printsec=frontcover&img=1&zoom=1&fife=w800&edge=curl&source=gbs_api,9781839763076,
On Bullshit,Harry Frankfurt,4,The Critic of Modernity,5,"Culture, Meaning and Judgment",2,2005,To Read,None,http://books.google.com/books/content?id=GCxOEQAAQBAJ&printsec=frontcover&img=1&zoom=1&fife=w800&edge=curl&source=gbs_api,9780691276793,
Useful Not True,Derek Sivers,4,The Critic of Modernity,5,"Culture, Meaning and Judgment",3,2025,To Read,None,http://books.google.com/books/content?id=cguW0QEACAAJ&printsec=frontcover&img=1&zoom=1&fife=w800&source=gbs_api,9780473453046,
"Thinking, Fast and Slow",Daniel Kahneman,4,The Critic of Modernity,5,"Culture, Meaning and Judgment",4,2011,To Read,None,http://books.google.com/books/content?id=YGPzXWanppcC&printsec=frontcover&img=1&zoom=1&fife=w800&source=gbs_api,9781846140556,
Noise: A Flaw in Human Judgment,"Daniel Kahneman, Olivier Sibony & Cass R. Sunstein",4,The Critic of Modernity,5,"Culture, Meaning and Judgment",5,2021,To Read,None,http://books.google.com/books/content?id=g2MBEAAAQBAJ&printsec=frontcover&img=1&zoom=1&fife=w800&edge=curl&source=gbs_api,9780316451383,
The Amateur: The Pleasures of Doing Things Badly,Andy Merrifield,4,The Critic of Modernity,5,"Culture, Meaning and Judgment",6,2011,To Read,None,http://books.google.com/books/content?id=kedqDwAAQBAJ&printsec=frontcover&img=1&zoom=1&fife=w800&edge=curl&source=gbs_api,9781786631077,
Conscious: A Brief Guide to the Fundamental Mystery of the Mind,Annaka Harris,5,Psychology & Mind,1,Consciousness and the Nature of Mind,1,2019,To Read,None,http://books.google.com/books/content?id=n6JrDwAAQBAJ&printsec=frontcover&img=1&zoom=1&fife=w800&edge=curl&source=gbs_api,9780062906731,
The Hidden Spring: A Journey to the Source of Consciousness,Mark Solms,5,Psychology & Mind,1,Consciousness and the Nature of Mind,2,2021,To Read,None,http://books.google.com/books/content?id=v4T2DwAAQBAJ&printsec=frontcover&img=1&zoom=1&fife=w800&edge=curl&source=gbs_api,9781782835714,
"The Secret Life of the Mind: How Your Brain Thinks, Feels, and Decides",Mariano Sigman,5,Psychology & Mind,1,Consciousness and the Nature of Mind,3,2015,To Read,None,http://books.google.com/books/content?id=SQsvDQAAQBAJ&printsec=frontcover&img=1&zoom=1&fife=w800&edge=curl&source=gbs_api,9780316549615,
Behave: The Biology of Humans at Our Best and Worst,Robert Sapolsky,5,Psychology & Mind,2,Human Nature and Biology,1,2017,To Read,None,http://books.google.com/books/content?id=sJKoDAAAQBAJ&printsec=frontcover&img=1&zoom=1&fife=w800&edge=curl&source=gbs_api,9780735222786,
The Body: A Guide for Occupants,Bill Bryson,5,Psychology & Mind,2,Human Nature and Biology,2,2019,To Read,None,http://books.google.com/books/content?id=OHuDDwAAQBAJ&printsec=frontcover&img=1&zoom=1&fife=w800&edge=curl&source=gbs_api,9780385539319,
The Body Keeps the Score: Brain Mind and Body in the Healing of Trauma,Bessel van der Kolk,5,Psychology & Mind,2,Human Nature and Biology,3,2014,To Read,None,http://books.google.com/books/content?id=3Q3UAgAAQBAJ&printsec=frontcover&img=1&zoom=1&fife=w800&source=gbs_api,9781697121353,
"Thinking, Fast and Slow",Daniel Kahneman,5,Psychology & Mind,3,Decision Making and Cognitive Bias,1,2011,To Read,None,http://books.google.com/books/content?id=YGPzXWanppcC&printsec=frontcover&img=1&zoom=1&fife=w800&source=gbs_api,9781846140556,
Noise: A Flaw in Human Judgment,"Daniel Kahneman, Olivier Sibony & Cass R. Sunstein",5,Psychology & Mind,3,Decision Making and Cognitive Bias,2,2021,To Read,None,http://books.google.com/books/content?id=g2MBEAAAQBAJ&printsec=frontcover&img=1&zoom=1&fife=w800&edge=curl&source=gbs_api,9780316451383,
Dopamine Nation: Finding Balance in the Age of Indulgence,Anna Lembke,5,Psychology & Mind,4,"Desire, Reward, Addiction, and Modern Behavior",1,2021,To Read,None,http://books.google.com/books/content?id=stNDEAAAQBAJ&printsec=frontcover&img=1&zoom=1&fife=w800&edge=curl&source=gbs_api,9781472294135,
The Molecule of More,Daniel Z. Lieberman & Michael E. Long,5,Psychology & Mind,4,"Desire, Reward, Addiction, and Modern Behavior",2,2018,To Read,None,http://books.google.com/books/content?id=ngFCDwAAQBAJ&printsec=frontcover&img=1&zoom=1&fife=w800&edge=curl&source=gbs_api,9781946885296,
The Anxious Generation: How the Great Rewiring of Childhood Is Causing an Epidemic of Mental Illness,Jonathan Haidt,5,Psychology & Mind,4,"Desire, Reward, Addiction, and Modern Behavior",3,2024,To Read,None,http://books.google.com/books/content?id=uCvAEAAAQBAJ&printsec=frontcover&img=1&zoom=1&fife=w800&edge=curl&source=gbs_api,9781802063288,
"Altered Traits: Science Reveals How Meditation Changes Your Mind, Brain, and Body",Daniel Goleman & Richard J. Davidson,5,Psychology & Mind,5,"Meditation, Neuroplasticity, and Self-Transformation",1,2017,To Read,None,http://books.google.com/books/content?id=e8IPDgAAQBAJ&printsec=frontcover&img=1&zoom=1&fife=w800&edge=curl&source=gbs_api,9780399184406,
Why We Meditate: The Science and Practice of Clarity and Compassion,Yongey Mingyur Rinpoche & Erika Rosenberg,5,Psychology & Mind,5,"Meditation, Neuroplasticity, and Self-Transformation",2,2022,To Read,None,http://books.google.com/books/content?id=73kyEQAAQBAJ&printsec=frontcover&img=1&zoom=1&fife=w800&edge=curl&source=gbs_api,9781982178468,
"Rewire: Break the Cycle, Alter Your Thoughts and Create Lasting Change",Nicole Vignola,5,Psychology & Mind,5,"Meditation, Neuroplasticity, and Self-Transformation",3,2024,To Read,None,http://books.google.com/books/content?id=ACG_EAAAQBAJ&printsec=frontcover&img=1&zoom=1&fife=w800&edge=curl&source=gbs_api,9781405958998,
Reinventing Your Life: The Breakthrough Program to End Negative Behavior and Feel Great Again,Jeffrey E. Young & Janet S. Klosko,5,Psychology & Mind,5,"Meditation, Neuroplasticity, and Self-Transformation",4,1993,To Read,None,http://books.google.com/books/content?id=hDM9DwAAQBAJ&printsec=frontcover&img=1&zoom=1&fife=w800&edge=curl&source=gbs_api,9781101667095,
Quiet: The Power of Introverts in a World That Can't Stop Talking,Susan Cain,5,Psychology & Mind,6,"Personality, Identity, and Individual Differences",1,2012,To Read,None,http://books.google.com/books/content?id=uyjf3uaQ4TwC&printsec=frontcover&img=1&zoom=1&fife=w800&edge=curl&source=gbs_api,9780307452207,
The End of Average: How to Succeed in a World That Values Sameness,Todd Rose,5,Psychology & Mind,6,"Personality, Identity, and Individual Differences",2,2016,To Read,None,http://books.google.com/books/content?id=w7-zCgAAQBAJ&printsec=frontcover&img=1&zoom=1&fife=w800&edge=curl&source=gbs_api,9780141980027,
Atomic Habits: An Easy & Proven Way to Build Good Habits & Break Bad Ones,James Clear,5,Psychology & Mind,6,"Personality, Identity, and Individual Differences",3,2018,To Read,None,http://books.google.com/books/content?id=GuAUMQAACAAJ&printsec=frontcover&img=1&zoom=1&fife=w800&edge=curl&source=gbs_api,9789388241908,
Me But Better: The Science and Promise of Personality Change,Olga Khazan,5,Psychology & Mind,6,"Personality, Identity, and Individual Differences",4,2025,Reading,None,http://books.google.com/books/content?id=xBMMEQAAQBAJ&printsec=frontcover&img=1&zoom=1&fife=w800&edge=curl&source=gbs_api,9781668012567,
The Subtle Art of Not Giving a F*ck,Mark Manson,5,Psychology & Mind,6,"Personality, Identity, and Individual Differences",5,2016,To Read,None,http://books.google.com/books/content?id=yng_CwAAQBAJ&printsec=frontcover&img=1&zoom=1&fife=w800&edge=curl&source=gbs_api,9780062457738,
Talk: The Science of Conversation and the Art of Being Ourselves,Alison Wood Brooks,5,Psychology & Mind,7,Relationships and Social Psychology,1,2023,To Read,None,http://books.google.com/books/content?id=TeyaEQAAQBAJ&printsec=frontcover&img=1&zoom=1&fife=w800&edge=curl&source=gbs_api,9780593443514,
Talking to Strangers: What We Should Know about the People We Don’t Know,Malcolm Gladwell,5,Psychology & Mind,7,Relationships and Social Psychology,2,2019,To Read,None,http://books.google.com/books/content?id=aTBVzQEACAAJ&printsec=frontcover&img=1&zoom=1&fife=w800&source=gbs_api,9781710389586,
Nonviolent Communication: A Language of Life,Marshall B. Rosenberg,5,Psychology & Mind,7,Relationships and Social Psychology,3,1999,To Read,None,http://books.google.com/books/content?id=A3qACgAAQBAJ&printsec=frontcover&img=1&zoom=1&fife=w800&edge=curl&source=gbs_api,9781892005540,
The Art of Listening,Erich Fromm,5,Psychology & Mind,7,Relationships and Social Psychology,4,1994,To Read,None,,,
Why We Sleep: Unlocking the Power of Sleep and Dreams,Matthew Walker,5,Psychology & Mind,8,Sleep and Physical Restoration,1,2017,To Read,None,http://books.google.com/books/content?id=ZlU3DwAAQBAJ&printsec=frontcover&img=1&zoom=1&fife=w800&edge=curl&source=gbs_api,9781501144318,
Convenience Store Woman,Sayaka Murata,6,Literature & Poetry,1,"Ordinary Life, Quiet Loneliness, and Human Observation",1,2016,To Read,None,http://books.google.com/books/content?id=5oFjDwAAQBAJ&printsec=frontcover&img=1&zoom=1&fife=w800&edge=curl&source=gbs_api,9781846276859,
Strange Weather in Tokyo,Hiromi Kawakami,6,Literature & Poetry,1,"Ordinary Life, Quiet Loneliness, and Human Observation",2,2001,To Read,None,http://books.google.com/books/content?id=elG0HvDkIesC&printsec=frontcover&img=1&zoom=1&fife=w800&edge=curl&source=gbs_api,9781846275098,
What We Talk About When We Talk About Love,Raymond Carver,6,Literature & Poetry,1,"Ordinary Life, Quiet Loneliness, and Human Observation",3,1981,To Read,None,http://books.google.com/books/content?id=ZglfBwAAQBAJ&printsec=frontcover&img=1&zoom=1&fife=w800&edge=curl&source=gbs_api,9781101970478,
A Visit from the Goon Squad,Jennifer Egan,6,Literature & Poetry,1,"Ordinary Life, Quiet Loneliness, and Human Observation",4,2010,To Read,None,http://books.google.com/books/content?id=nsb71f5EFcIC&printsec=frontcover&img=1&zoom=1&fife=w800&edge=curl&source=gbs_api,9780307593627,
The Wedding People,Alison Espach,6,Literature & Poetry,1,"Ordinary Life, Quiet Loneliness, and Human Observation",5,2024,To Read,None,http://books.google.com/books/content?id=S5uw0AEACAAJ&printsec=frontcover&img=1&zoom=1&fife=w800&source=gbs_api,9781420514728,
Hello Beautiful,Ann Napolitano,6,Literature & Poetry,1,"Ordinary Life, Quiet Loneliness, and Human Observation",6,2023,To Read,None,http://books.google.com/books/content?id=KbZ9EAAAQBAJ&printsec=frontcover&img=1&zoom=1&fife=w800&edge=curl&source=gbs_api,9780593243749,
Lessons in Chemistry,Bonnie Garmus,6,Literature & Poetry,1,"Ordinary Life, Quiet Loneliness, and Human Observation",7,2022,To Read,None,http://books.google.com/books/content?id=PDJBEQAAQBAJ&printsec=frontcover&img=1&zoom=1&fife=w800&edge=curl&source=gbs_api,9780593314487,
Beautyland,Marie-Helene Bertino,6,Literature & Poetry,1,"Ordinary Life, Quiet Loneliness, and Human Observation",8,2024,To Read,None,http://books.google.com/books/content?id=c-a5EAAAQBAJ&printsec=frontcover&img=1&zoom=1&fife=w800&edge=curl&source=gbs_api,9780374721893,
Rejection,Tony Tulathimutte,6,Literature & Poetry,1,"Ordinary Life, Quiet Loneliness, and Human Observation",9,2024,To Read,None,http://books.google.com/books/content?id=wCEuEQAAQBAJ&printsec=frontcover&img=1&zoom=1&fife=w800&edge=curl&source=gbs_api,9780008759407,
A Philosophy of Loneliness,Ole Jacob Madsen,6,Literature & Poetry,1,"Ordinary Life, Quiet Loneliness, and Human Observation",10,2021,To Read,None,http://books.google.com/books/content?id=XpjwCQAAQBAJ&printsec=frontcover&img=1&zoom=1&fife=w800&edge=curl&source=gbs_api,9781317437772,
The Memory Police,Yōko Ogawa,6,Literature & Poetry,2,"Memory, Loss, and Identity",1,1994,To Read,None,http://books.google.com/books/content?id=-6WLswEACAAJ&printsec=frontcover&img=1&zoom=1&fife=w800&source=gbs_api,9781846559495,
Klara and the Sun,Kazuo Ishiguro,6,Literature & Poetry,2,"Memory, Loss, and Identity",2,2021,Reading,Engine 2: Complementary,http://books.google.com/books/content?id=S7jrDwAAQBAJ&printsec=frontcover&img=1&zoom=1&fife=w800&edge=curl&source=gbs_api,9780593318188,
I Love You but I’ve Chosen Darkness,Claire Vaye Watkins,6,Literature & Poetry,2,"Memory, Loss, and Identity",3,2021,To Read,None,http://books.google.com/books/content?id=ofceEAAAQBAJ&printsec=frontcover&img=1&zoom=1&fife=w800&edge=curl&source=gbs_api,9780593330234,
Briefly A Delicious Life,Nell Stevens,6,Literature & Poetry,2,"Memory, Loss, and Identity",4,2022,To Read,None,http://books.google.com/books/content?id=r1dTEAAAQBAJ&printsec=frontcover&img=1&zoom=1&fife=w800&edge=curl&source=gbs_api,9781529083453,
Flashlight,Susan Choi,6,Literature & Poetry,2,"Memory, Loss, and Identity",5,2025,To Read,None,http://books.google.com/books/content?id=gy1g0QEACAAJ&printsec=frontcover&img=1&zoom=1&fife=w800&source=gbs_api,9781420528077,
Your Steps on the Stairs,Antonio Muñoz Molina,6,Literature & Poetry,2,"Memory, Loss, and Identity",6,2019,To Read,None,http://books.google.com/books/content?id=VSITEQAAQBAJ&printsec=frontcover&img=1&zoom=1&fife=w800&edge=curl&source=gbs_api,9781635424355,
The Float Test,Lynn Steger Strong,6,Literature & Poetry,2,"Memory, Loss, and Identity",7,2024,To Read,None,http://books.google.com/books/content?id=kTYYEQAAQBAJ&printsec=frontcover&img=1&zoom=1&fife=w800&edge=curl&source=gbs_api,9780063390805,
Body Work: The Radical Power of Personal Narrative,Melissa Febos,6,Literature & Poetry,2,"Memory, Loss, and Identity",8,2022,To Read,None,http://books.google.com/books/content?id=g10zEAAAQBAJ&printsec=frontcover&img=1&zoom=1&fife=w800&edge=curl&source=gbs_api,9781646220861,
The End of Love: A Sociology of Negative Relations,Eva Illouz,6,Literature & Poetry,2,"Memory, Loss, and Identity",9,2019,To Read,None,http://books.google.com/books/content?id=S1BDEAAAQBAJ&printsec=frontcover&img=1&zoom=1&fife=w800&edge=curl&source=gbs_api,9781509550265,
半蝕,韓麗珠,6,Literature & Poetry,2,"Memory, Loss, and Identity",10,,To Read,None,http://books.google.com/books/content?id=cWdiEAAAQBAJ&printsec=frontcover&img=1&zoom=1&fife=w800&edge=curl&source=gbs_api,9789860625394,
江南三部曲（一）：人面桃花,格非,6,Literature & Poetry,2,"Memory, Loss, and Identity",11,2004,To Read,None,http://books.google.com/books/content?id=pBZUEAAAQBAJ&printsec=frontcover&img=1&zoom=1&fife=w800&edge=curl&source=gbs_api,9787520154697,
The Stranger,Albert Camus,6,Literature & Poetry,3,Existential Literature,1,1942,To Read,None,http://books.google.com/books/content?id=qH6TEAAAQBAJ&printsec=frontcover&img=1&zoom=1&fife=w800&source=gbs_api,9780679420262,
The Trial,Franz Kafka,6,Literature & Poetry,3,Existential Literature,2,1925,To Read,None,http://books.google.com/books/content?id=jA_ADwAAQBAJ&printsec=frontcover&img=1&zoom=1&fife=w800&edge=curl&source=gbs_api,9781529036060,
The Myth of Sisyphus and Other Essays,Albert Camus,6,Literature & Poetry,3,Existential Literature,3,1942,To Read,None,http://books.google.com/books/content?id=9kQSjiUX1RIC&printsec=frontcover&img=1&zoom=1&fife=w800&edge=curl&source=gbs_api,9780307827821,
The Catcher in the Rye,J. D. Salinger,6,Literature & Poetry,3,Existential Literature,4,1951,To Read,None,http://books.google.com/books/content?id=mZunDwAAQBAJ&printsec=frontcover&img=1&zoom=1&fife=w800&edge=curl&source=gbs_api,9780241988794,
Siddhartha,Hermann Hesse,6,Literature & Poetry,3,Existential Literature,5,1922,To Read,None,http://books.google.com/books/content?id=pq_CAgAAQBAJ&printsec=frontcover&img=1&zoom=1&fife=w800&edge=curl&source=gbs_api,9780486114811,
Feline Philosophy: Cats and the Meaning of Life,John Gray,6,Literature & Poetry,3,Existential Literature,6,2020,To Read,None,http://books.google.com/books/content?id=ViHQDwAAQBAJ&printsec=frontcover&img=1&zoom=1&fife=w800&edge=curl&source=gbs_api,9780374718794,
Clutch,Emily Nemens,6,Literature & Poetry,3,Existential Literature,7,2026,To Read,None,http://books.google.com/books/content?id=MzyCEQAAQBAJ&printsec=frontcover&img=1&zoom=1&fife=w800&source=gbs_api,9781963108750,
Sum: Forty Tales from the Afterlives,David Eagleman,6,Literature & Poetry,3,Existential Literature,8,2009,To Read,None,http://books.google.com/books/content?id=-cjWiI8DEywC&printsec=frontcover&img=1&zoom=1&fife=w800&edge=curl&source=gbs_api,9780307378026,
黑日,韓麗珠,6,Literature & Poetry,3,Existential Literature,9,,To Read,None,http://books.google.com/books/content?id=6WhiEAAAQBAJ&printsec=frontcover&img=1&zoom=1&fife=w800&edge=curl&source=gbs_api,9789869643597,
All About Love: New Visions,bell hooks,6,Literature & Poetry,4,"Love, Connection, and Human Relationships",1,2000,To Read,None,http://books.google.com/books/content?id=MYim_gaQC2gC&printsec=frontcover&img=1&zoom=1&fife=w800&source=gbs_api,9780060959470,
The Art of Loving,Erich Fromm,6,Literature & Poetry,4,"Love, Connection, and Human Relationships",2,1956,To Read,None,http://books.google.com/books/content?id=m-8cEQAAQBAJ&printsec=frontcover&img=1&zoom=1&fife=w800&source=gbs_api,9781537705392,
Love Is Never Enough: How Couples Can Overcome Misunderstandings,Aaron T. Beck,6,Literature & Poetry,4,"Love, Connection, and Human Relationships",3,1988,To Read,None,http://books.google.com/books/content?id=9dSMzQEACAAJ&printsec=frontcover&img=1&zoom=1&fife=w800&source=gbs_api,9780060916046,
Twenty Love Poems and a Song of Despair,Pablo Neruda,6,Literature & Poetry,4,"Love, Connection, and Human Relationships",4,1924,To Read,None,http://books.google.com/books/content?id=dIcn0AEACAAJ&printsec=frontcover&img=1&zoom=1&fife=w800&source=gbs_api,9781633300125,
Milk and Honey,Rupi Kaur,6,Literature & Poetry,4,"Love, Connection, and Human Relationships",5,2014,To Read,None,http://books.google.com/books/content?id=WoWfCgAAQBAJ&printsec=frontcover&img=1&zoom=1&fife=w800&source=gbs_api,9781449483135,
Intermezzo,Sally Rooney,6,Literature & Poetry,4,"Love, Connection, and Human Relationships",6,2024,To Read,None,http://books.google.com/books/content?id=ifn3EAAAQBAJ&printsec=frontcover&img=1&zoom=1&fife=w800&edge=curl&source=gbs_api,9780735281820,
Big Swiss,Jen Beagin,6,Literature & Poetry,4,"Love, Connection, and Human Relationships",7,2023,To Read,None,http://books.google.com/books/content?id=y6umEAAAQBAJ&printsec=frontcover&img=1&zoom=1&fife=w800&edge=curl&source=gbs_api,9781982153083,
Martyr!,Kaveh Akbar,6,Literature & Poetry,4,"Love, Connection, and Human Relationships",8,2024,To Read,None,http://books.google.com/books/content?id=uRC7EAAAQBAJ&printsec=frontcover&img=1&zoom=1&fife=w800&edge=curl&source=gbs_api,9780593537626,
Open Wide: A Novel,Jessica Gross,6,Literature & Poetry,4,"Love, Connection, and Human Relationships",9,2025,To Read,None,http://books.google.com/books/content?id=DydGEQAAQBAJ&printsec=frontcover&img=1&zoom=1&fife=w800&source=gbs_api,9798887075365,
Kitchen Table Wisdom: Stories That Heal,Rachel Naomi Remen,6,Literature & Poetry,4,"Love, Connection, and Human Relationships",10,1996,To Read,None,http://books.google.com/books/content?id=mLNPEAAAQBAJ&printsec=frontcover&img=1&zoom=1&fife=w800&source=gbs_api,9780783893402,
Maybe You Should Talk to Someone,Lori Gottlieb,6,Literature & Poetry,4,"Love, Connection, and Human Relationships",11,2019,Reading,None,http://books.google.com/books/content?id=ATKQDwAAQBAJ&printsec=frontcover&img=1&zoom=1&fife=w800&edge=curl&source=gbs_api,9781328662057,
Stories of Your Life and Others,Ted Chiang,6,Literature & Poetry,5,"Science Fiction, Time, and Alternative Human Possibilities",1,2002,To Read,None,http://books.google.com/books/content?id=WTBA-wzX7cwC&printsec=frontcover&img=1&zoom=1&fife=w800&edge=curl&source=gbs_api,9781931520898,
This Is How You Lose the Time War,Amal El-Mohtar & Max Gladstone,6,Literature & Poetry,5,"Science Fiction, Time, and Alternative Human Possibilities",2,2019,To Read,None,http://books.google.com/books/content?id=MLiXDwAAQBAJ&printsec=frontcover&img=1&zoom=1&fife=w800&edge=curl&source=gbs_api,9781529405248,
Dune,Frank Herbert,6,Literature & Poetry,5,"Science Fiction, Time, and Alternative Human Possibilities",3,1965,To Read,None,http://books.google.com/books/content?id=JhJ7cgAACAAJ&printsec=frontcover&img=1&zoom=1&fife=w800&source=gbs_api,9788498006117,
Neuromancer,William Gibson,6,Literature & Poetry,5,"Science Fiction, Time, and Alternative Human Possibilities",4,1984,To Read,None,http://books.google.com/books/content?id=Bd_UZAdvUDIC&printsec=frontcover&img=1&zoom=1&fife=w800&edge=curl&source=gbs_api,9781101146460,
Necromancer,Gordon R. Dickson,6,Literature & Poetry,5,"Science Fiction, Time, and Alternative Human Possibilities",5,1962,To Read,None,,9780722129760,
Project Hail Mary,Andy Weir,6,Literature & Poetry,5,"Science Fiction, Time, and Alternative Human Possibilities",6,2021,Completed,None,http://books.google.com/books/content?id=CnSJEQAAQBAJ&printsec=frontcover&img=1&zoom=1&fife=w800&edge=curl&source=gbs_api,9798217299461,
Angel Down,Daniel Kraus,6,Literature & Poetry,6,Poetry and Literary Fragments,1,2025,To Read,None,http://books.google.com/books/content?id=Tb3VEQAAQBAJ&printsec=frontcover&img=1&zoom=1&fife=w800&edge=curl&source=gbs_api,9781668068519,
Newspaper Blackout,Austin Kleon,6,Literature & Poetry,6,Poetry and Literary Fragments,2,2010,To Read,None,http://books.google.com/books/content?id=4W7TAgAAQBAJ&printsec=frontcover&img=1&zoom=1&fife=w800&edge=curl&source=gbs_api,9780061989940,
The Universe in Verse: 15 Portals to Wonder through Science & Poetry,Maria Popova,6,Literature & Poetry,6,Poetry and Literary Fragments,3,2022,To Read,None,http://books.google.com/books/content?id=pMTyEAAAQBAJ&printsec=frontcover&img=1&zoom=1&fife=w800&edge=curl&source=gbs_api,9781635868845,
Bad Handwriting,Sara Mesa,6,Literature & Poetry,6,Poetry and Literary Fragments,4,2016,To Read,None,http://books.google.com/books/content?id=uq2KzgEACAAJ&printsec=frontcover&img=1&zoom=1&fife=w800&source=gbs_api,9781948830553,
Songs of No Provenance,Lydi Conklin,6,Literature & Poetry,6,Poetry and Literary Fragments,5,2025,To Read,None,http://books.google.com/books/content?id=AAYpEQAAQBAJ&printsec=frontcover&img=1&zoom=1&fife=w800&edge=curl&source=gbs_api,9781529934984,
拾香紀・焚香紀,陳慧,6,Literature & Poetry,6,Poetry and Literary Fragments,6,,To Read,None,http://books.google.com/books/content?id=Cl_rEAAAQBAJ&printsec=frontcover&img=1&zoom=1&fife=w800&edge=curl&source=gbs_api,9786263145375,
"Dilla Time: The Life and Afterlife of J Dilla, the Hip-Hop Producer Who Reinvented Rhythm",Dan Charnas,6,Literature & Poetry,7,Creative Lives and Artists,1,2022,To Read,None,http://books.google.com/books/content?id=SBEqEAAAQBAJ&printsec=frontcover&img=1&zoom=1&fife=w800&edge=curl&source=gbs_api,9780374721657,
The Artist's Way,Julia Cameron,6,Literature & Poetry,7,Creative Lives and Artists,2,1992,To Read,None,http://books.google.com/books/content?id=ltjmwAEACAAJ&printsec=frontcover&img=1&zoom=1&fife=w800&source=gbs_api,9780874776942,
The Creative Act: A Way of Being,Rick Rubin,6,Literature & Poetry,7,Creative Lives and Artists,3,2023,To Read,None,http://books.google.com/books/content?id=jW5tEAAAQBAJ&printsec=frontcover&img=1&zoom=1&fife=w800&edge=curl&source=gbs_api,9780593653425,
How Music Works,David Byrne,6,Literature & Poetry,7,Creative Lives and Artists,4,2012,To Read,None,http://books.google.com/books/content?id=d22UqerzutgC&printsec=frontcover&img=1&zoom=1&fife=w800&edge=curl&source=gbs_api,9780857862518,
The Music Lesson,Victor Wooten,6,Literature & Poetry,7,Creative Lives and Artists,5,2006,To Read,None,http://books.google.com/books/content?id=mUCzDwAAQBAJ&printsec=frontcover&img=1&zoom=1&fife=w800&edge=curl&source=gbs_api,9780978582104,
The War of Art: Winning the Inner Creative Battle,Steven Pressfield,6,Literature & Poetry,7,Creative Lives and Artists,6,2002,To Read,None,http://books.google.com/books/content?id=sR3hAAAAQBAJ&printsec=frontcover&img=1&zoom=1&fife=w800&edge=curl&source=gbs_api,,
關於跑步，我說的其實是,Haruki Murakami,6,Literature & Poetry,7,Creative Lives and Artists,7,2007,To Read,None,http://books.google.com/books/content?id=f2VmPgAACAAJ&printsec=frontcover&img=1&zoom=1&fife=w800&source=gbs_api,9789571349367,
Ikigai: The Japanese Secret to a Long and Happy Life,Héctor García & Francesc Miralles,6,Literature & Poetry,7,Creative Lives and Artists,8,2016,To Read,None,http://books.google.com/books/content?id=4UCnDQAAQBAJ&printsec=frontcover&img=1&zoom=1&fife=w800&edge=curl&source=gbs_api,9781524704551,
Seven Brief Lessons on Physics,Carlo Rovelli,7,The World,1,Physical Reality,1,2014,To Read,None,http://books.google.com/books/content?id=wU_ZCQAAQBAJ&printsec=frontcover&img=1&zoom=1&fife=w800&edge=curl&source=gbs_api,9780241235973,
The Order of Time,Carlo Rovelli,7,The World,1,Physical Reality,2,2018,To Read,None,http://books.google.com/books/content?id=YvM3DwAAQBAJ&printsec=frontcover&img=1&zoom=1&fife=w800&edge=curl&source=gbs_api,9780735216129,
The Presentation of Self in Everyday Life,Erving Goffman,7,The World,2,Social Reality,1,1956,To Read,None,http://books.google.com/books/content?id=TSk_EAAAQBAJ&printsec=frontcover&img=1&zoom=1&fife=w800&edge=curl&source=gbs_api,9780593468296,
Seeing Like a State,James C. Scott,7,The World,3,Civilization & Systems,1,1998,To Read,None,http://books.google.com/books/content?id=Qe_RDwAAQBAJ&printsec=frontcover&img=1&zoom=1&fife=w800&edge=curl&source=gbs_api,9780300246759,
The Dawn of Everything,David Graeber & David Wengrow,7,The World,3,Civilization & Systems,2,2021,To Read,None,http://books.google.com/books/content?id=X8gZEAAAQBAJ&printsec=frontcover&img=1&zoom=1&fife=w800&edge=curl&source=gbs_api,9780241402450,
How Infrastructure Works: Inside the Systems That Shape Our World,Deb Chachra,7,The World,3,Civilization & Systems,3,2023,To Read,None,http://books.google.com/books/content?id=k8yrEAAAQBAJ&printsec=frontcover&img=1&zoom=1&fife=w800&edge=curl&source=gbs_api,9780593086612,
Liquid Modernity,Zygmunt Bauman,7,The World,4,Modernity,1,2000,To Read,None,http://books.google.com/books/content?id=xZ0RAAAAQBAJ&printsec=frontcover&img=1&zoom=1&fife=w800&edge=curl&source=gbs_api,9780745657011,
The Age of Surveillance Capitalism,Shoshana Zuboff,7,The World,4,Modernity,2,2019,To Read,None,http://books.google.com/books/content?id=MJ5ADwAAQBAJ&printsec=frontcover&img=1&zoom=1&fife=w800&edge=curl&source=gbs_api,9781610395700,